fips,State,County,Urban,LILATracts_1And10,HUNVFlag,SNAP_Participants,MedianIncome,PovertyPercent,TotalPopulation
17097,Illinois,Lake County,0.9276315789473685,0.05263157894736842,0.10526315789473684,62752,89427,7.9,701473
17051,Illinois,Fayette County,0.2857142857142857,0.7142857142857143,0.14285714285714285,  ,46650,17.2,21565
17107,Illinois,Logan County,0.375,0.0,0.375,7680,57308,9.3,29003
17165,Illinois,Saline County,0.5555555555555556,0.3333333333333333,0.2222222222222222,9434,44090,21.1,23994
17127,Illinois,Massac County,0.5,0.25,0.25,3849,47481,16.7,14219
17017,Illinois,Cass County,0.4,0.0,0.0,2754,52373,14.8,12493
18069,Indiana,Huntington County,0.5555555555555556,0.1111111111111111,0.3333333333333333,2647,53632,10.9,36359
18181,Indiana,White County,0.125,0.0,0.0,1655,54576,9.2,24149
18075,Indiana,Jay County,0.42857142857142855,0.42857142857142855,0.2857142857142857,1521,47658,14.1,20840
18145,Indiana,Shelby County,0.5,0.1,0.1,3514,60404,11.3,44438
18153,Indiana,Sullivan County,0.2,0.4,0.4,2049,50245,12.0,20730
18157,Indiana,Tippecanoe County,0.8918918918918919,0.32432432432432434,0.32432432432432434,11874,53130,18.7,191553
18057,Indiana,Hamilton County,0.9230769230769231,0.0,0.1282051282051282,7435,98173,4.6,323117
18005,Indiana,Bartholomew County,0.7333333333333333,0.26666666666666666,0.2,5638,63431,13.4,82481
18049,Indiana,Fulton County,0.16666666666666666,0.0,0.16666666666666666,1534,52034,12.4,20096
18113,Indiana,Noble County,0.3,0.1,0.3,2823,56789,7.4,47506
18019,Indiana,Clark County,0.6923076923076923,0.11538461538461539,0.2692307692307692,8311,55630,10.1,116507
18063,Indiana,Hendricks County,0.7142857142857143,0.047619047619047616,0.09523809523809523,4963,81933,5.0,163799
18053,Indiana,Grant County,0.625,0.3125,0.3125,9311,44356,18.0,66452
18071,Indiana,Jackson County,0.7,0.1,0.1,3283,51250,14.6,44025
18119,Indiana,Owen County,0.0,0.0,0.0,1865,49543,15.4,20835
18183,Indiana,Whitley County,0.14285714285714285,0.0,0.14285714285714285,1329,61741,9.7,33730
18023,Indiana,Clinton County,0.5,0.0,0.125,2705,54286,12.5,32273
18161,Indiana,Union County,0.0,0.0,0.0,541,50375,7.4,7113
18029,Indiana,Dearborn County,0.5,0.2,0.2,3046,68658,9.1,49479
18093,Indiana,Lawrence County,0.5,0.2,0.2,3731,53610,12.4,45548
18123,Indiana,Perry County,0.4,0.0,0.0,1581,52348,11.9,19102
18129,Indiana,Posey County,0.42857142857142855,0.14285714285714285,0.0,1738,64196,8.9,25560
18015,Indiana,Carroll County,0.14285714285714285,0.0,0.0,1064,54806,9.6,20074
18045,Indiana,Fountain County,0.2,0.0,0.0,1271,52874,11.1,16430
18149,Indiana,Starke County,0.14285714285714285,0.0,0.0,2932,51190,14.8,22952
18055,Indiana,Greene County,0.3333333333333333,0.1111111111111111,0.0,3041,51613,14.3,32159
19011,Iowa,Benton County,0.14285714285714285,0.0,0.0,1776,67729,8.8,25636
19061,Iowa,Dubuque County,0.7692307692307693,0.15384615384615385,0.19230769230769232,9160,63031,11.4,96982
19151,Iowa,Pocahontas County,0.0,0.0,0.0,650,52448,10.7,6797
19177,Iowa,Van Buren County,0.0,0.5,0.5,713,48591,12.8,7150
19003,Iowa,Adams County,0.0,0.0,0.0,365,49255,14.1,3670
19009,Iowa,Audubon County,0.0,0.0,0.0,477,52055,11.7,5571
19051,Iowa,Davis County,0.0,0.0,0.5,567,63404,9.9,8920
19093,Iowa,Ida County,0.0,0.0,0.0,534,58427,9.6,6901
19135,Iowa,Monroe County,0.0,0.0,0.0,761,58269,10.5,7807
19167,Iowa,Sioux County,0.2857142857142857,0.0,0.0,1216,69844,6.3,34827
19025,Iowa,Calhoun County,0.0,0.0,0.0,793,52323,12.6,9744
19033,Iowa,Cerro Gordo County,0.6363636363636364,0.18181818181818182,0.18181818181818182,4715,53963,10.1,42834
19083,Iowa,Hardin County,0.3333333333333333,0.0,0.0,1522,54196,9.6,17061
19117,Iowa,Lucas County,0.5,0.25,0.25,1043,55205,11.8,8583
19147,Iowa,Palo Alto County,0.25,0.0,0.0,749,52932,6.4,9003
19087,Iowa,Henry County,0.4,0.2,0.0,2272,53501,10.7,19941
19099,Iowa,Jasper County,0.4444444444444444,0.1111111111111111,0.0,3935,58952,9.0,36971
19157,Iowa,Poweshiek County,0.4,0.0,0.0,1267,53852,9.9,18388
19043,Iowa,Clayton County,0.0,0.0,0.0,1037,53152,11.5,17625
19017,Iowa,Bremer County,0.25,0.0,0.0,1146,70395,7.4,24864
19063,Iowa,Emmet County,0.5,0.25,0.0,971,51563,12.4,9438
19081,Iowa,Hancock County,0.0,0.0,0.0,697,61761,10.0,10802
19097,Iowa,Jackson County,0.3333333333333333,0.16666666666666666,0.3333333333333333,1845,55967,13.1,19401
19111,Iowa,Lee County,0.6363636363636364,0.36363636363636365,0.18181818181818182,5545,49564,14.2,34227
19181,Iowa,Warren County,0.6666666666666666,0.0,0.0,2865,77048,8.2,50076
19123,Iowa,Mahaska County,0.5714285714285714,0.14285714285714285,0.14285714285714285,2438,54825,13.7,22164
19041,Iowa,Clay County,0.5,0.0,0.25,1462,50521,10.9,16211
19055,Iowa,Delaware County,0.25,0.0,0.0,1087,63750,9.2,17183
13005,Georgia,Bacon County,0.0,0.0,0.6666666666666666,2310,37519,23.8,11201
13025,Georgia,Brantley County,0.0,0.3333333333333333,0.3333333333333333,4045,38857,19.6,18756
13017,Georgia,Ben Hill County,0.4,0.4,0.6,4300,32229,29.6,17033
13033,Georgia,Burke County,0.16666666666666666,0.5,0.3333333333333333,5499,44151,22.2,22520
13047,Georgia,Catoosa County,0.6363636363636364,0.09090909090909091,0.09090909090909091,7018,56235,9.9,66700
13053,Georgia,Chattahoochee County,0.6,0.6,0.2,756,47096,19.8,10560
13055,Georgia,Chattooga County,0.5,0.5,0.16666666666666666,4726,36807,19.4,24812
13073,Georgia,Columbia County,0.75,0.0,0.1,7908,82339,7.5,150705
13087,Georgia,Decatur County,0.2857142857142857,0.42857142857142855,0.2857142857142857,9149,41481,24.3,26682
13115,Georgia,Floyd County,0.65,0.35,0.4,14334,48336,18.4,97369
13117,Georgia,Forsyth County,0.8888888888888888,0.022222222222222223,0.0,5983,107218,5.7,228383
13137,Georgia,Habersham County,0.25,0.125,0.375,4984,50563,15.1,44626
13147,Georgia,Hart County,0.0,0.0,0.4,3954,43204,15.1,25773
13185,Georgia,Lowndes County,0.64,0.24,0.28,22320,42441,24.4,115364
13191,Georgia,McIntosh County,0.3333333333333333,0.3333333333333333,0.0,2193,49504,17.6,14174
13199,Georgia,Meriwether County,0.0,0.25,1.0,3947,37121,22.9,21106
13207,Georgia,Monroe County,0.0,0.0,0.4,3142,54754,13.9,27171
13237,Georgia,Putnam County,0.2,0.2,0.2,3455,51606,16.1,21691
13261,Georgia,Sumter County,0.25,0.125,0.375,9035,36681,27.1,30064
13265,Georgia,Taliaferro County,0.0,1.0,0.0,347,37446,21.1,1611
13301,Georgia,Warren County,0.0,0.0,0.5,1367,37203,26.8,5297
20193,Kansas,Thomas County,0.5,0.0,0.0,320,60124,12.0,7810
19185,Iowa,Wayne County,0.0,0.3333333333333333,0.3333333333333333,614,44768,17.2,6429
19163,Iowa,Scott County,0.8723404255319149,0.0425531914893617,0.14893617021276595,24451,61183,12.1,172446
20181,Kansas,Sherman County,0.5,1.0,0.0,453,54754,11.5,5938
20127,Kansas,Morris County,0.0,0.0,0.0,308,55658,9.0,5566
20163,Kansas,Rooks County,0.0,0.0,0.0,299,49415,7.8,5053
20025,Kansas,Clark County,0.0,0.0,0.0,110,53348,10.9,2026
20077,Kansas,Harper County,0.0,0.3333333333333333,0.0,502,49865,16.1,5594
20111,Kansas,Lyon County,0.625,0.25,0.125,2269,46338,16.9,33251
20145,Kansas,Pawnee County,0.5,0.5,0.0,468,49917,6.4,6629
20033,Kansas,Comanche County,0.0,0.0,0.0,66,54821,10.5,1740
20063,Kansas,Gove County,0.0,0.5,0.0,84,48317,10.0,2644
20079,Kansas,Harvey County,0.5,0.0,0.16666666666666666,2181,57982,9.6,34503
20093,Kansas,Kearny County,0.0,0.0,0.0,224,52599,19.6,3907
20113,Kansas,McPherson County,0.5714285714285714,0.0,0.2857142857142857,1364,59089,8.8,28567
13079,Georgia,Crawford County,0.0,0.3333333333333333,0.6666666666666666,1916,46283,19.9,12325
13029,Georgia,Bryan County,0.3333333333333333,0.16666666666666666,0.3333333333333333,3157,72624,12.4,37063
13035,Georgia,Butts County,0.3333333333333333,0.3333333333333333,0.6666666666666666,3896,43471,21.6,24090
13039,Georgia,Camden County,0.6,0.4,0.2,6244,56951,15.5,53231
13099,Georgia,Early County,0.0,0.0,0.0,3515,30640,30.5,10312
13069,Georgia,Coffee County,0.0,0.2222222222222222,0.8888888888888888,8994,40859,19.9,43021
13077,Georgia,Coweta County,0.65,0.15,0.35,12153,75913,10.7,143260
13123,Georgia,Gilmer County,0.2,0.2,0.4,3611,52625,16.8,30414
13297,Georgia,Walton County,0.4666666666666667,0.2,0.13333333333333333,10616,61599,12.1,91442
13317,Georgia,Wilkes County,0.0,0.25,0.25,2060,37838,23.7,9844
13091,Georgia,Dodge County,0.0,0.0,0.3333333333333333,4348,39302,21.8,20829
13129,Georgia,Gordon County,0.4444444444444444,0.3333333333333333,0.5555555555555556,6946,45865,18.0,57202
13057,Georgia,Cherokee County,0.8076923076923077,0.07692307692307693,0.15384615384615385,11347,82740,7.5,247515
13113,Georgia,Fayette County,0.7,0.0,0.05,4977,90145,5.5,112303
13177,Georgia,Lee County,0.4,0.0,0.2,4488,69280,12.8,29502
13227,Georgia,Pickens County,0.16666666666666666,0.0,0.3333333333333333,3162,67631,10.2,31387
13133,Georgia,Greene County,0.14285714285714285,0.14285714285714285,0.14285714285714285,2443,52129,19.5,17349
13075,Georgia,Cook County,0.0,0.0,0.25,3986,41854,24.0,17177
13085,Georgia,Dawson County,0.0,0.0,0.3333333333333333,1978,66281,8.6,24536
13121,Georgia,Fulton County,1.0,0.21782178217821782,0.41089108910891087,145410,69673,14.4,1036200
15001,Hawaii,Hawaii County,0.3939393939393939,0.30303030303030304,0.24242424242424243,41983,62409,15.6,199459
15003,Hawaii,Honolulu County,0.9414225941422594,0.0794979079497908,0.100418410041841,91563,85857,8.3,984821
15007,Hawaii,Kauai County,0.42857142857142855,0.0,0.21428571428571427,7857,83554,8.1,71769
51181,Virginia,Surry County,0.0,1.0,0.5,817,57962,15.9,6523
51043,Virginia,Clarke County,0.0,0.0,0.0,439,80026,7.6,14423
51117,Virginia,Mecklenburg County,0.2222222222222222,0.4444444444444444,0.3333333333333333,4207,43207,19.0,30728
51015,Virginia,Augusta County,0.3076923076923077,0.15384615384615385,0.5384615384615384,4727,62711,8.7,75079
51075,Virginia,Goochland County,0.0,0.0,0.0,955,93994,5.2,22865
51113,Virginia,Madison County,0.0,0.0,0.5,932,57895,6.6,13170
51161,Virginia,Roanoke County,0.7222222222222222,0.0,0.2777777777777778,5870,68948,6.9,93823
51025,Virginia,Brunswick County,0.4,0.2,0.6,2901,44434,20.4,16520
51131,Virginia,Northampton County,0.0,0.0,0.6666666666666666,2090,47227,18.0,11885
51163,Virginia,Rockbridge County,0.0,0.75,0.25,2128,54600,14.2,22570
51720,Virginia,Norton city,1.0,1.0,1.0,928,29000,28.2,3970
51570,Virginia,Colonial Heights city,1.0,0.2,0.2,2182,54550,12.1,17428
51021,Virginia,Bland County,0.0,0.5,0.0,450,48531,10.3,6388
51023,Virginia,Botetourt County,0.25,0.25,0.0,1467,71110,6.5,33343
51520,Virginia,Bristol city,1.0,0.75,0.75,3972,37500,22.6,16912
51830,Virginia,Williamsburg city,1.0,0.6666666666666666,0.3333333333333333,1076,57463,20.7,14927
51035,Virginia,Carroll County,0.0,0.14285714285714285,0.5714285714285714,3952,44835,14.6,29801
28029,Mississippi,Copiah County,0.3333333333333333,0.8333333333333334,0.3333333333333333,6094,42151,24.0,28501
28049,Mississippi,Hinds County,0.890625,0.375,0.328125,45288,44625,21.3,238797
28145,Mississippi,Union County,0.16666666666666666,0.16666666666666666,0.3333333333333333,2751,45754,15.1,28507
28139,Mississippi,Tippah County,0.25,0.0,0.5,2651,39246,20.0,22018
28035,Mississippi,Forrest County,0.7647058823529411,0.35294117647058826,0.4117647058823529,11494,39840,26.0,75224
28071,Mississippi,Lafayette County,0.4,0.4,0.3,3327,50272,22.1,53590
28087,Mississippi,Lowndes County,0.5714285714285714,0.2857142857142857,0.2857142857142857,10627,50441,20.4,59150
28157,Mississippi,Wilkinson County,0.0,0.5,0.5,1785,27313,34.7,8875
28065,Mississippi,Jefferson Davis County,0.0,0.3333333333333333,0.6666666666666666,2183,32116,24.9,11339
28123,Mississippi,Scott County,0.5,0.3333333333333333,0.6666666666666666,4648,34943,25.5,28332
28163,Mississippi,Yazoo County,0.5,0.6666666666666666,0.3333333333333333,6802,33279,31.8,28565
28011,Mississippi,Bolivar County,0.5,0.5,0.875,9102,29854,35.0,31848
28113,Mississippi,Pike County,0.375,0.5,0.625,8794,31784,33.0,39532
28131,Mississippi,Stone County,0.3333333333333333,0.3333333333333333,0.3333333333333333,2539,45483,19.8,18276
28069,Mississippi,Kemper County,0.0,1.0,1.0,1669,31103,28.5,9943
28133,Mississippi,Sunflower County,0.42857142857142855,0.42857142857142855,0.5714285714285714,7313,30838,31.7,26168
28001,Mississippi,Adams County,0.6666666666666666,0.5555555555555556,0.3333333333333333,5634,29936,31.5,31266
28033,Mississippi,DeSoto County,0.8181818181818182,0.09090909090909091,0.030303030303030304,15446,67038,9.2,178975
42045,Pennsylvania,Delaware County,0.993006993006993,0.03496503496503497,0.25874125874125875,69828,74477,10.0,564554
42111,Pennsylvania,Somerset County,0.23809523809523808,0.14285714285714285,0.42857142857142855,10125,49089,12.4,74361
51650,Virginia,Hampton city,1.0,0.21212121212121213,0.30303030303030304,18411,56287,15.2,135041
51191,Virginia,Washington County,0.23076923076923078,0.15384615384615385,0.3076923076923077,6156,48495,14.6,54071
51139,Arkansas,Polk County,0.0,0.5,0.16666666666666666,2448,51792,15.1,23788
51139,Virginia,Page County,0.0,0.0,0.2,2448,51792,15.1,23788
51510,Virginia,Alexandria city,1.0,0.0,0.02631578947368421,8595,100939,10.3,157613
51013,Virginia,Arlington County,1.0,0.0,0.11864406779661017,6044,120071,6.8,233464
51013,Virginia,Arlington County,1.0,0.0,0.11864406779661017,1965,120071,6.8,233464
51027,Virginia,Buchanan County,0.0,0.0,0.42857142857142855,4196,31956,28.4,21788
51179,Virginia,Stafford County,0.6666666666666666,0.07407407407407407,0.037037037037037035,7988,111108,4.4,146773
51760,Virginia,Richmond city,1.0,0.19696969696969696,0.42424242424242425,36938,47250,23.2,226622
51057,Virginia,Essex County,0.3333333333333333,0.6666666666666666,0.3333333333333333,1760,51954,16.8,10998
51185,Virginia,Tazewell County,0.2727272727272727,0.2727272727272727,0.2727272727272727,7233,42099,17.5,41603
51685,Virginia,Manassas Park city,1.0,0.5,0.0,904,88046,6.4,16986
51183,Virginia,Sussex County,0.0,0.2,0.2,1575,49487,13.1,11377
51683,Virginia,Manassas city,1.0,0.14285714285714285,0.14285714285714285,2868,81493,8.0,41174
51037,Virginia,Charlotte County,0.0,1.0,0.6666666666666666,1860,40573,23.7,12040
51081,Virginia,Greensville County,0.0,0.0,0.3333333333333333,1463,50300,15.3,11525
47165,Tennessee,Sumner County,0.47619047619047616,0.09523809523809523,0.023809523809523808,14951,67204,9.0,183437
47169,Tennessee,Trousdale County,0.0,0.0,0.0,1302,56321,10.2,10231
47027,Tennessee,Clay County,0.0,0.0,0.0,1563,32167,26.1,7654
17163,Illinois,St. Clair County,0.8333333333333334,0.3333333333333333,0.48333333333333334,47549,55179,14.8,262338
17139,Illinois,Moultrie County,0.25,0.0,0.25,  ,61456,7.2,14641
17149,Illinois,Pike County,0.2,0.8,0.0,  ,47492,13.8,15672
17151,Illinois,Pope County,0.0,0.0,0.0,  ,38056,15.3,4203
17173,Illinois,Shelby County,0.16666666666666666,0.16666666666666666,0.0,  ,52953,10.8,21737
17019,Illinois,Champaign County,0.9069767441860465,0.06976744186046512,0.3488372093023256,29070,52797,20.0,209922
17089,Illinois,Kane County,0.926829268292683,0.06097560975609756,0.1951219512195122,85436,79394,9.4,531376
17093,Illinois,Kendall County,0.7,0.1,0.3,  ,96563,4.5,126054
17121,Illinois,Marion County,0.5,0.4166666666666667,0.25,14921,47519,17.7,37743
17125,Illinois,Mason County,0.16666666666666666,0.3333333333333333,0.0,2442,48417,14.3,13621
17075,Illinois,Iroquois County,0.1111111111111111,0.3333333333333333,0.1111111111111111,  ,52700,12.5,27812
17025,Illinois,Clay County,0.25,0.0,0.25,0,48500,16.5,13287
17181,Illinois,Union County,0.4,0.2,0.2,5276,50625,18.0,16968
17201,Illinois,Winnebago County,0.8961038961038961,0.14285714285714285,0.22077922077922077,68832,54489,15.6,284819
17201,Illinois,Winnebago County,0.8961038961038961,0.14285714285714285,0.22077922077922077,69,54489,15.6,284819
17201,Illinois,Winnebago County,0.8961038961038961,0.14285714285714285,0.22077922077922077,3,54489,15.6,284819
17201,Illinois,Winnebago County,0.8961038961038961,0.14285714285714285,0.22077922077922077,1201,54489,15.6,284819
17153,Illinois,Pulaski County,0.0,1.0,1.0,3317,34640,20.5,5510
17169,Illinois,Schuyler County,0.3333333333333333,0.3333333333333333,0.0,0,52357,19.0,6953
17045,Illinois,Edgar County,0.4,0.4,0.4,  ,53647,12.0,17407
17011,Illinois,Bureau County,0.3,0.1,0.3,6493,57436,12.4,33122
17029,Illinois,Coles County,0.8333333333333334,0.5,0.5,23048,46202,20.8,51353
17033,Illinois,Crawford County,0.3333333333333333,0.16666666666666666,0.16666666666666666,3823,49779,11.6,18972
17117,Illinois,Macoupin County,0.3076923076923077,0.07692307692307693,0.07692307692307693,6552,55159,13.9,45463
17159,Illinois,Richland County,0.6,0.0,0.0,7205,48894,14.7,15766
42023,Pennsylvania,Cameron County,0.5,0.0,0.0,815,41165,15.3,4611
42017,Pennsylvania,Bucks County,0.8591549295774648,0.056338028169014086,0.14084507042253522,37053,89139,5.9,626806
42077,Pennsylvania,Lehigh County,0.8947368421052632,0.039473684210526314,0.18421052631578946,53877,63897,12.5,365052
42031,Pennsylvania,Clarion County,0.2,0.3,0.5,4749,46680,16.3,38715
42059,Pennsylvania,Greene County,0.3333333333333333,0.1111111111111111,0.5555555555555556,6397,54776,13.5,36870
42079,Pennsylvania,Luzerne County,0.7788461538461539,0.038461538461538464,0.22115384615384615,60142,53473,14.7,317663
42037,Pennsylvania,Columbia County,0.4666666666666667,0.06666666666666667,0.13333333333333333,7507,50550,15.0,65715
42065,Pennsylvania,Jefferson County,0.5384615384615384,0.0,0.3076923076923077,5852,47603,15.1,43846
42099,Pennsylvania,Perry County,0.0,0.1,0.3,4303,63718,9.3,46053
42113,Pennsylvania,Sullivan County,0.0,0.0,0.0,518,47407,13.2,6135
45071,South Carolina,Newberry County,0.25,0.25,0.25,5589,44226,17.6,38194
45027,South Carolina,Clarendon County,0.09090909090909091,0.09090909090909091,0.36363636363636365,7170,40900,22.9,33957
45085,South Carolina,Sumter County,0.5217391304347826,0.17391304347826086,0.5217391304347826,19617,45661,18.7,106757
45011,South Carolina,Barnwell County,0.0,0.0,0.6,4928,35803,28.1,21346
45031,South Carolina,Darlington County,0.375,0.3125,0.6875,13790,38448,20.0,67027
45091,South Carolina,York County,0.717391304347826,0.21739130434782608,0.21739130434782608,22601,65361,10.5,265872
45021,South Carolina,Cherokee County,0.3076923076923077,0.3076923076923077,0.46153846153846156,8957,36883,19.4,56895
45053,South Carolina,Jasper County,0.0,0.25,0.5,4649,45601,17.7,28657
45061,South Carolina,Lee County,0.0,0.16666666666666666,0.5,4101,32371,25.0,17365
45001,South Carolina,Abbeville County,0.16666666666666666,0.3333333333333333,0.6666666666666666,3273,38741,18.7,24627
46085,South Dakota,Lyman County,0.0,0.0,0.0,629,53862,20.5,3848
46039,South Dakota,Deuel County,0.0,0.0,0.0,213,65437,8.7,4318
11001,District of Columbia,District of Columbia,1.0,0.0670391061452514,0.3463687150837989,109580,86420,16.2,692683
47157,Tennessee,Shelby County,0.9590909090909091,0.2318181818181818,0.35454545454545455,198790,51657,19.3,936374
47077,Tennessee,Henderson County,0.0,0.0,0.3333333333333333,5159,43305,18.8,27977
47089,Tennessee,Jefferson County,0.2222222222222222,0.1111111111111111,0.2222222222222222,7054,49139,13.2,53679
47153,Tennessee,Sequatchie County,0.3333333333333333,0.0,0.3333333333333333,2897,49370,19.7,14816
47017,Tennessee,Carroll County,0.14285714285714285,0.0,0.5714285714285714,4795,42637,18.6,27886
47037,Tennessee,Davidson County,0.9308176100628931,0.18238993710691823,0.20125786163522014,76307,60388,14.9,687488
47135,Tennessee,Perry County,0.0,0.5,0.0,1396,41034,26.9,7962
47121,Tennessee,Meigs County,0.0,0.0,0.0,2261,49167,16.9,12104
47075,Tennessee,Haywood County,0.5,0.3333333333333333,0.3333333333333333,4433,37905,18.8,17623
47125,Tennessee,Montgomery County,0.8461538461538461,0.20512820512820512,0.10256410256410256,23097,57541,13.3,200180
47061,Tennessee,Grundy County,0.0,0.25,0.25,3576,40516,22.7,13344
47029,Tennessee,Cocke County,0.1111111111111111,0.4444444444444444,0.3333333333333333,9126,36716,23.5,35552
47041,Tennessee,DeKalb County,0.25,0.25,0.25,3287,45511,18.4,19847
47101,Tennessee,Lewis County,0.5,0.5,0.5,1910,37277,19.5,12027
47131,Tennessee,Obion County,0.1,0.1,0.2,5551,39615,21.1,30365
47167,Tennessee,Tipton County,0.07692307692307693,0.07692307692307693,0.15384615384615385,9049,61291,12.4,61447
47045,Tennessee,Dyer County,0.375,0.25,0.25,7687,44185,18.6,37416
47065,Tennessee,Hamilton County,0.8902439024390244,0.2073170731707317,0.3048780487804878,45530,55070,12.8,360919
47139,Tennessee,Polk County,0.0,0.2,0.2,2638,43306,15.0,16814
47185,Tennessee,White County,0.3333333333333333,0.3333333333333333,0.16666666666666666,4386,41998,16.2,26800
47163,Tennessee,Sullivan County,0.6666666666666666,0.1794871794871795,0.3333333333333333,22271,46684,15.9,157050
37087,North Carolina,Haywood County,0.3125,0.0625,0.125,7766,51659,13.4,61053
37067,North Carolina,Forsyth County,0.9032258064516129,0.24731182795698925,0.2903225806451613,49681,51569,16.8,375195
18041,Indiana,Fayette County,0.5714285714285714,0.2857142857142857,0.2857142857142857,3212,46175,19.0,23194
18089,Indiana,Lake County,0.9487179487179487,0.26495726495726496,0.29914529914529914,65711,56128,15.6,485707
18107,Indiana,Montgomery County,0.3333333333333333,0.1111111111111111,0.1111111111111111,2948,55522,11.4,38287
18001,Indiana,Adams County,0.42857142857142855,0.14285714285714285,0.2857142857142857,1887,52504,16.8,35376
18021,Indiana,Clay County,0.3333333333333333,0.16666666666666666,0.0,2681,55637,12.6,26234
18037,Indiana,Dubois County,0.5714285714285714,0.0,0.0,1333,60666,9.0,42543
18047,Indiana,Franklin County,0.0,0.2,0.0,1279,62462,9.1,22774
18059,Indiana,Hancock County,0.5,0.2,0.2,3281,74072,6.7,75164
18067,Indiana,Howard County,0.7,0.25,0.4,9770,52373,14.9,82331
18115,Indiana,Ohio County,0.0,0.0,0.0,303,60128,7.1,5874
18121,Indiana,Parke County,0.25,0.25,0.5,1554,52618,14.5,16946
18135,Indiana,Randolph County,0.375,0.375,0.125,2541,48036,14.7,24926
18007,Indiana,Benton County,0.0,0.0,0.0,810,49488,13.5,8677
18013,Indiana,Brown County,0.0,0.0,0.0,871,61030,9.0,15064
18133,Indiana,Putnam County,0.2857142857142857,0.14285714285714285,0.2857142857142857,2448,61047,11.3,37384
18175,Indiana,Washington County,0.16666666666666666,0.0,0.5,2288,47983,11.9,27848
18027,Indiana,Daviess County,0.42857142857142855,0.2857142857142857,0.5714285714285714,2719,53629,11.9,33120
18065,Indiana,Henry County,0.5384615384615384,0.07692307692307693,0.07692307692307693,4963,49832,15.1,48255
18083,Indiana,Knox County,0.6,0.0,0.3,4096,47380,15.5,37065
18095,Indiana,Madison County,0.7297297297297297,0.32432432432432434,0.24324324324324326,15853,49522,16.5,129455
18125,Indiana,Pike County,0.0,0.0,0.0,964,50194,11.7,12378
18131,Indiana,Pulaski County,0.25,0.25,0.0,1005,49580,12.2,12559
18151,Indiana,Steuben County,0.3333333333333333,0.0,0.1111111111111111,2077,58279,9.3,34453
48407,Texas,San Jacinto County,0.0,0.0,0.0,4581,41614,15.2,28180
48459,Texas,Upshur County,0.14285714285714285,0.2857142857142857,0.2857142857142857,5384,52162,16.0,41018
48473,Texas,Waller County,0.3333333333333333,0.16666666666666666,0.3333333333333333,5631,59642,16.5,51832
48493,Texas,Wilson County,0.09090909090909091,0.0,0.09090909090909091,4169,76692,9.6,49173
48219,Texas,Hockley County,0.42857142857142855,0.42857142857142855,0.14285714285714285,2815,48248,16.5,23064
48329,Texas,Midland County,0.8846153846153846,0.19230769230769232,0.19230769230769232,11428,79421,9.6,168167
48299,Texas,Llano County,0.3333333333333333,0.3333333333333333,0.16666666666666666,1883,53411,10.6,21047
48147,Texas,Fannin County,0.2222222222222222,0.2222222222222222,0.0,3630,54648,12.0,34537
48041,Texas,Brazos County,0.8292682926829268,0.34146341463414637,0.24390243902439024,19561,49181,24.4,222981
48165,Texas,Gaines County,0.3333333333333333,0.0,0.3333333333333333,1526,63054,15.3,20706
48179,Texas,Gray County,0.8571428571428571,0.2857142857142857,0.14285714285714285,2835,47952,16.5,22410
48237,Texas,Jack County,0.3333333333333333,0.3333333333333333,0.0,873,52045,16.3,8852
48035,Texas,Bosque County,0.14285714285714285,0.14285714285714285,0.0,2049,52148,15.8,18296
48029,Texas,Bexar County,0.9287671232876712,0.1917808219178082,0.3095890410958904,285379,57157,15.7,1952843
48023,Texas,Baylor County,0.0,0.0,0.0,508,40739,11.7,3577
48121,Texas,Denton County,0.8759124087591241,0.058394160583941604,0.072992700729927,40407,86913,7.6,833822
48167,Texas,Galveston County,0.9090909090909091,0.16666666666666666,0.2727272727272727,36235,73330,12.4,332885
48393,Texas,Roberts County,0.0,0.0,0.0,18,68750,11.8,805
48463,Texas,Uvalde County,0.6,0.8,0.4,5848,41679,17.9,26920
48037,Texas,Bowie County,0.6666666666666666,0.1111111111111111,0.3333333333333333,15239,50164,16.6,93373
48263,Texas,Kent County,0.0,0.0,0.0,39,44688,14.5,647
48425,Texas,Somervell County,0.0,0.0,0.0,710,60632,23.4,8860
48199,Texas,Hardin County,0.45454545454545453,0.18181818181818182,0.09090909090909091,6681,60339,12.1,56765
48289,Texas,Leon County,0.0,0.6666666666666666,0.3333333333333333,1893,43045,17.6,17225
48351,Texas,Newton County,0.0,1.0,0.0,2102,40101,24.4,13914
48389,Texas,Reeves County,0.6,0.4,0.2,1575,53311,15.0,15492
48453,Texas,Travis County,0.9032258064516129,0.1152073732718894,0.15668202764976957,94204,75887,12.0,1226805
48087,Texas,Collingsworth County,0.0,0.0,0.0,387,39120,17.0,2969
48143,Texas,Erath County,0.5,0.5,0.25,3223,52742,18.4,41841
48345,Texas,Motley County,0.0,0.0,0.0,118,43859,8.1,1252
48083,Texas,Coleman County,0.3333333333333333,0.6666666666666666,0.0,1177,46743,13.8,8334
48325,Texas,Medina County,0.125,0.0,0.375,6012,62599,11.3,50057
48213,Texas,Henderson County,0.29411764705882354,0.17647058823529413,0.29411764705882354,11460,47355,17.1,81070
48277,Texas,Lamar County,0.5833333333333334,0.5,0.25,7627,45117,17.4,49611
48267,Texas,Kimble County,0.5,0.0,0.0,393,43328,22.3,4373
48177,Texas,Gonzales County,0.5,0.16666666666666666,0.16666666666666666,3315,53577,14.1,20731
48477,Texas,Washington County,0.3333333333333333,0.0,0.5,3410,54971,12.0,35163
48429,Texas,Stephens County,0.6666666666666666,0.3333333333333333,0.3333333333333333,1303,46232,20.6,9364
48003,Texas,Andrews County,0.5,0.0,0.25,1589,76158,9.2,18036
48305,Texas,Lynn County,0.3333333333333333,0.3333333333333333,0.0,829,43382,18.2,5830
48505,Texas,Zapata County,0.6666666666666666,0.6666666666666666,0.3333333333333333,4109,33952,34.5,14304
48221,Texas,Hood County,0.4,0.1,0.1,4916,64041,9.7,58318
48269,Texas,King County,0.0,0.0,0.0,2,52083,10.5,237
48073,Texas,Cherokee County,0.4166666666666667,0.3333333333333333,0.08333333333333333,7508,48186,16.4,52118
48119,Texas,Delta County,0.0,0.0,0.0,673,51038,20.0,5249
48253,Texas,Jones County,0.16666666666666666,0.16666666666666666,0.16666666666666666,1993,50344,14.0,19943
12031,Florida,Duval County,0.9595375722543352,0.21965317919075145,0.42196531791907516,158072,55807,14.5,936186
12133,Florida,Washington County,0.0,0.5714285714285714,0.14285714285714285,3209,37022,24.1,24764
12007,Florida,Bradford County,0.0,0.0,0.75,4369,45921,22.2,27317
12009,Florida,Brevard County,0.9196428571428571,0.19642857142857142,0.2857142857142857,65594,56775,11.8,585507
12019,Florida,Clay County,0.7333333333333333,0.1,0.1,19880,65740,10.2,211405
12067,Florida,Lafayette County,0.0,0.5,0.5,1004,50165,12.8,8637
12069,Florida,Lake County,0.625,0.23214285714285715,0.39285714285714285,42921,54513,12.0,345867
12089,Florida,Nassau County,0.5833333333333334,0.08333333333333333,0.5,7161,69943,10.5,83098
12103,Florida,Pinellas County,0.9959016393442623,0.08196721311475409,0.22950819672131148,107466,54090,12.2,964666
12105,Florida,Polk County,0.7272727272727273,0.2012987012987013,0.19480519480519481,129945,50584,15.8,686218
12111,Florida,St. Lucie County,0.9534883720930233,0.18604651162790697,0.37209302325581395,42725,52322,13.3,312947
12051,Florida,Hendry County,0.3333333333333333,0.3333333333333333,0.6666666666666666,10495,40820,25.3,40732
12061,Florida,Indian River County,0.8275862068965517,0.13793103448275862,0.27586206896551724,15877,54740,11.4,153989
12063,Florida,Jackson County,0.18181818181818182,0.2727272727272727,0.36363636363636365,8025,39872,19.4,47945
12109,Florida,St. Johns County,0.6923076923076923,0.10256410256410256,0.15384615384615385,12346,82252,8.2,244674
12117,Florida,Seminole County,0.9651162790697675,0.05813953488372093,0.08139534883720931,41330,66768,10.6,461402
12005,Florida,Bay County,0.813953488372093,0.13953488372093023,0.3023255813953488,24025,54316,14.6,182161
12035,Florida,Flagler County,0.75,0.1,0.1,11409,54514,12.4,109801
12045,Florida,Gulf County,0.0,0.0,0.0,1859,47712,12.9,15576
12077,Florida,Liberty County,0.0,0.0,0.5,1071,38015,16.8,8345
12097,Florida,Osceola County,0.7804878048780488,0.2682926829268293,0.2926829268292683,66115,52279,14.8,351955
12131,Florida,Walton County,0.2727272727272727,0.36363636363636365,0.36363636363636365,6560,58093,13.2,68262
12039,Florida,Gadsden County,0.1111111111111111,0.2222222222222222,0.6666666666666666,10244,41401,22.8,45945
12065,Florida,Jefferson County,0.0,0.0,0.0,1800,47240,16.5,14161
12083,Florida,Marion County,0.5409836065573771,0.19672131147540983,0.4098360655737705,57886,45371,16.1,353526
12049,Florida,Hardee County,0.16666666666666666,0.5,0.16666666666666666,5686,38682,24.1,27131
12093,Florida,Okeechobee County,0.5454545454545454,0.6363636363636364,0.09090909090909091,8415,41760,21.0,41144
12095,Florida,Orange County,0.9563106796116505,0.16019417475728157,0.2524271844660194,197616,58254,14.9,1349746
12041,Florida,Gilchrist County,0.0,0.0,0.0,2710,43640,17.2,17953
12121,Florida,Suwannee County,0.0,0.2857142857142857,0.42857142857142855,8376,47839,14.9,44046
12001,Florida,Alachua County,0.7142857142857143,0.19642857142857142,0.3392857142857143,32655,49689,21.4,265443
12013,Florida,Calhoun County,0.3333333333333333,0.0,0.3333333333333333,2174,38568,14.7,14362
12015,Florida,Charlotte County,0.8947368421052632,0.13157894736842105,0.10526315789473684,14774,51499,11.1,181067
12029,Florida,Dixie County,0.0,0.3333333333333333,1.0,3339,39828,21.2,16589
12085,Florida,Martin County,0.8823529411764706,0.14705882352941177,0.20588235294117646,11462,61133,9.9,159065
12115,Florida,Sarasota County,0.9680851063829787,0.09574468085106383,0.2127659574468085,27890,62236,9.0,419496
12081,Florida,Manatee County,0.8589743589743589,0.1282051282051282,0.1794871794871795,38066,59009,11.8,384213
12017,Florida,Citrus County,0.5555555555555556,0.14814814814814814,0.4074074074074074,20226,44237,15.7,145169
12003,Florida,Baker County,0.5,0.0,0.0,4516,63275,12.0,28211
12113,Florida,Santa Rosa County,0.64,0.08,0.2,14916,67949,9.7,174755
12073,Florida,Leon County,0.8235294117647058,0.19117647058823528,0.3088235294117647,33990,53106,20.5,289770
12011,Florida,Broward County,0.9916897506925207,0.04986149584487535,0.21329639889196675,237671,59547,13.1,1926205
12087,Florida,Monroe County,0.6333333333333333,0.03333333333333333,0.1,5579,70033,10.9,75798
12053,Florida,Hernando County,0.7045454545454546,0.2727272727272727,0.13636363636363635,28634,48812,14.1,186313
12057,Florida,Hillsborough County,0.9240506329113924,0.14240506329113925,0.17721518987341772,217302,58884,14.6,1422278
12123,Florida,Taylor County,0.25,0.75,0.5,4788,40306,21.2,21870
12129,Florida,Wakulla County,0.0,0.25,0.25,3421,61410,12.2,32321
13189,Georgia,McDuffie County,0.0,0.0,0.4,5316,43468,24.0,21455
13211,Georgia,Morgan County,0.2,0.0,0.2,2478,66178,9.2,18507
13149,Georgia,Heard County,0.0,0.0,0.3333333333333333,2175,51358,14.3,11736
13095,Georgia,Dougherty County,0.7777777777777778,0.5555555555555556,0.5925925925925926,27817,39584,28.4,89703
13111,Georgia,Fannin County,0.0,0.0,0.4,2730,47997,12.4,25395
13153,Georgia,Houston County,0.782608695652174,0.2608695652173913,0.43478260869565216,19956,61723,13.9,153507
13175,Georgia,Laurens County,0.38461538461538464,0.38461538461538464,0.3076923076923077,12865,39120,27.1,47405
13255,Georgia,Spalding County,0.5833333333333334,0.4166666666666667,0.5,14207,47111,17.9,65306
13271,Georgia,Telfair County,0.3333333333333333,0.6666666666666666,0.3333333333333333,3011,32405,28.9,16035
18171,Indiana,Warren County,0.0,0.0,0.0,433,60553,11.8,8237
18165,Indiana,Vermillion County,0.2,0.0,0.0,1731,50243,14.9,15539
18179,Indiana,Wells County,0.5714285714285714,0.14285714285714285,0.2857142857142857,1276,59237,8.4,28011
18003,Indiana,Allen County,0.8645833333333334,0.20833333333333334,0.22916666666666666,35784,54857,13.3,372575
18031,Indiana,Decatur County,0.3333333333333333,0.16666666666666666,0.0,1937,57949,11.5,26562
18035,Indiana,Delaware County,0.7666666666666667,0.4,0.36666666666666664,13728,43512,21.9,115020
18043,Indiana,Floyd County,0.75,0.05,0.2,6245,64468,9.8,77320
18077,Indiana,Jefferson County,0.42857142857142855,0.0,0.2857142857142857,2881,52718,13.5,32201
18079,Indiana,Jennings County,0.3333333333333333,0.3333333333333333,0.3333333333333333,2282,54191,10.9,27710
18081,Indiana,Johnson County,0.7272727272727273,0.18181818181818182,0.09090909090909091,8578,72440,7.4,153716
18103,Indiana,Miami County,0.5,0.2,0.0,3656,50657,15.3,35815
18109,Indiana,Morgan County,0.5384615384615384,0.07692307692307693,0.07692307692307693,5513,64335,10.5,69922
18051,Indiana,Gibson County,0.2857142857142857,0.0,0.0,2271,55462,9.3,33656
18111,Indiana,Newton County,0.0,0.25,0.0,1263,55356,12.8,13992
18117,Indiana,Orange County,0.16666666666666666,0.0,0.3333333333333333,1912,47917,14.8,19545
18141,Indiana,St. Joseph County,0.8933333333333333,0.13333333333333333,0.18666666666666668,28640,52769,15.5,270216
18085,Indiana,Kosciusko County,0.3684210526315789,0.0,0.15789473684210525,4515,61366,9.8,79035
18099,Indiana,Marshall County,0.3333333333333333,0.0,0.25,2887,52658,13.0,46461
18155,Indiana,Switzerland County,0.0,0.0,0.0,951,49383,19.0,10685
18163,Indiana,Vanderburgh County,0.9387755102040817,0.1836734693877551,0.3673469387755102,18888,49708,16.7,181291
18009,Indiana,Blackford County,0.5,0.25,0.25,1436,43505,12.8,12013
18143,Indiana,Scott County,0.4,0.2,0.4,2910,48700,14.9,23759
18105,Indiana,Monroe County,0.7096774193548387,0.12903225806451613,0.45161290322580644,7509,49839,23.5,146461
18039,Indiana,Elkhart County,0.8333333333333334,0.19444444444444445,0.5277777777777778,15013,57021,12.4,204558
18025,Indiana,Crawford County,0.0,0.3333333333333333,0.0,1024,41662,17.9,10569
18017,Indiana,Cass County,0.45454545454545453,0.18181818181818182,0.18181818181818182,3504,49415,14.6,37880
18097,Indiana,Marion County,0.9866071428571429,0.30357142857142855,0.40625,135265,48316,17.8,951869
18177,Indiana,Wayne County,0.5882352941176471,0.4117647058823529,0.4117647058823529,8125,46516,16.4,66342
19023,Iowa,Butler County,0.0,0.0,0.0,1055,57115,10.3,14628
19071,Iowa,Fremont County,0.0,0.0,0.0,851,56750,10.6,6946
19079,Iowa,Hamilton County,0.2,0.0,0.0,1097,60910,9.8,14997
19173,Iowa,Taylor County,0.0,0.0,0.0,643,50431,10.0,6167
19175,Iowa,Union County,0.5,0.0,0.25,1607,49900,14.2,12358
19195,Iowa,Worth County,0.0,0.0,0.0,509,57130,8.6,7445
19159,Iowa,Ringgold County,0.0,0.0,0.0,427,55271,8.7,4964
19001,Iowa,Adair County,0.0,0.0,0.0,656,53363,10.9,7085
19037,Iowa,Chickasaw County,0.25,0.0,0.0,750,60034,6.7,12026
19039,Iowa,Clarke County,0.3333333333333333,0.0,0.0,1152,54427,12.9,9360
19059,Iowa,Dickinson County,0.2,0.0,0.2,1149,59969,8.2,17127
19103,Iowa,Johnson County,0.75,0.125,0.25,10261,62542,18.1,148577
19107,Iowa,Keokuk County,0.0,0.0,0.0,1119,52881,9.9,10188
19171,Iowa,Tama County,0.16666666666666666,0.16666666666666666,0.0,1518,56037,12.0,17032
19179,Iowa,Wapello County,0.7272727272727273,0.45454545454545453,0.5454545454545454,5562,46246,14.9,35141
19069,Iowa,Franklin County,0.3333333333333333,0.0,0.0,869,56419,13.6,10162
19027,Iowa,Carroll County,0.3333333333333333,0.0,0.16666666666666666,1606,59212,8.6,20281
19031,Iowa,Cedar County,0.2,0.0,0.0,939,67795,6.9,18457
19067,Iowa,Floyd County,0.4,0.2,0.0,1786,50406,14.5,15786
19073,Iowa,Greene County,0.25,0.0,0.0,1080,53050,8.3,8950
19115,Iowa,Louisa County,0.0,0.0,0.0,868,56673,10.1,11178
19119,Iowa,Lyon County,0.0,0.0,0.0,488,64982,4.6,11776
37015,North Carolina,Bertie County,0.25,0.75,1.0,4403,35527,23.2,19380
13291,Georgia,Union County,0.0,0.0,0.16666666666666666,2116,50021,14.4,23288
37017,North Carolina,Bladen County,0.16666666666666666,0.5,1.0,6691,36173,24.3,33407
37031,North Carolina,Carteret County,0.6111111111111112,0.05555555555555555,0.027777777777777776,6438,57194,10.7,69070
37117,North Carolina,Martin County,0.16666666666666666,0.16666666666666666,0.5,4673,40090,19.7,22849
37143,North Carolina,Perquimans County,0.0,0.0,0.6666666666666666,2031,47162,15.1,13430
37157,North Carolina,Rockingham County,0.42857142857142855,0.23809523809523808,0.2857142857142857,14296,43579,18.1,91077
37029,North Carolina,Camden County,0.0,0.0,0.0,755,64572,9.2,10551
37071,North Carolina,Gaston County,0.7692307692307693,0.2153846153846154,0.15384615384615385,32763,52835,14.5,219271
37125,North Carolina,Moore County,0.5,0.1111111111111111,0.4444444444444444,10017,59963,11.3,97294
37167,North Carolina,Stanly County,0.23076923076923078,0.07692307692307693,0.15384615384615385,7584,52623,12.9,61588
37199,North Carolina,Yancey County,0.0,0.0,0.2,2537,42222,16.4,17760
37037,North Carolina,Chatham County,0.23076923076923078,0.3076923076923077,0.3076923076923077,5274,67031,10.2,71338
37101,North Carolina,Johnston County,0.24,0.08,0.2,24307,59865,12.5,196870
37145,North Carolina,Person County,0.2857142857142857,0.42857142857142855,0.7142857142857143,6066,51020,16.1,39345
37009,North Carolina,Ashe County,0.16666666666666666,0.3333333333333333,0.6666666666666666,3789,40962,16.3,26863
37107,North Carolina,Lenoir County,0.7333333333333333,0.26666666666666666,0.5333333333333333,13323,39402,23.2,56756
37133,North Carolina,Onslow County,0.6774193548387096,0.25806451612903225,0.3548387096774194,20985,50278,13.2,195069
37161,North Carolina,Rutherford County,0.23076923076923078,0.15384615384615385,0.38461538461538464,10752,42608,17.9,66599
37197,North Carolina,Yadkin County,0.14285714285714285,0.0,0.42857142857142855,4243,44682,15.4,37602
37023,North Carolina,Burke County,0.4444444444444444,0.16666666666666666,0.3888888888888889,11246,44557,18.1,89968
38097,North Dakota,Traill County,0.0,0.0,0.0,426,64453,6.4,8008
38021,North Dakota,Dickey County,0.0,0.0,0.0,251,65492,5.2,4938
38101,North Dakota,Ward County,0.6923076923076923,0.07692307692307693,0.15384615384615385,4240,68871,9.5,68812
38067,North Dakota,Pembina County,0.0,0.0,0.0,334,64549,7.4,6947
38041,North Dakota,Hettinger County,0.0,0.5,0.0,135,60164,9.6,2547
38017,North Dakota,Cass County,0.8484848484848485,0.06060606060606061,0.12121212121212122,11281,64482,10.7,176975
38029,North Dakota,Emmons County,0.0,1.0,0.0,167,55902,9.9,3310
38077,North Dakota,Richland County,0.3333333333333333,0.0,0.16666666666666666,1104,61371,10.9,16254
38001,North Dakota,Adams County,0.0,0.0,0.0,119,56681,8.7,2311
38027,North Dakota,Eddy County,0.0,0.0,0.0,166,54868,10.8,2301
38057,North Dakota,Mercer County,0.3333333333333333,0.0,0.0,307,82181,7.2,8462
38073,North Dakota,Ransom County,0.0,0.0,0.0,236,63903,6.4,5314
38085,North Dakota,Sioux County,0.0,0.5,0.0,1364,38939,38.2,4373
38033,North Dakota,Golden Valley County,0.0,0.0,0.0,118,58690,7.5,1845
38095,North Dakota,Towner County,0.0,0.0,0.0,137,52300,10.4,2224
38023,North Dakota,Divide County,0.0,0.0,0.0,93,62865,9.0,2335
38081,North Dakota,Sargent County,0.0,0.0,0.0,168,63073,4.2,3872
39105,Ohio,Meigs County,0.3333333333333333,0.6666666666666666,0.5,4914,44899,19.6,23078
39021,Ohio,Champaign County,0.3,0.0,0.3,3832,60112,10.1,38845
39057,Ohio,Greene County,0.7142857142857143,0.11428571428571428,0.2,11508,68720,11.6,166502
39087,Ohio,Lawrence County,0.4375,0.0625,0.1875,12224,45118,18.1,60184
39115,Ohio,Morgan County,0.25,0.5,0.5,2235,42341,19.2,14640
39175,Ohio,Wyandot County,0.3333333333333333,0.0,0.0,1518,55767,7.4,22000
39043,Ohio,Erie County,0.7222222222222222,0.16666666666666666,0.3333333333333333,9121,54226,11.7,74780
39091,Ohio,Logan County,0.36363636363636365,0.18181818181818182,0.18181818181818182,5095,56754,11.4,45316
39153,Ohio,Summit County,0.9407407407407408,0.14074074074074075,0.35555555555555557,74103,57181,13.2,541334
17067,Illinois,Hancock County,0.2857142857142857,0.42857142857142855,0.0,  ,52561,13.6,17983
17119,Illinois,Madison County,0.819672131147541,0.26229508196721313,0.4918032786885246,38547,60738,13.2,264776
17091,Illinois,Kankakee County,0.5862068965517241,0.1724137931034483,0.27586206896551724,24130,58902,14.2,110637
17043,Illinois,DuPage County,0.9861111111111112,0.0,0.10185185185185185,64809,92809,6.4,929060
17003,Illinois,Alexander County,0.5,0.75,0.25,  ,36806,25.3,6260
17099,Illinois,LaSalle County,0.6071428571428571,0.17857142857142858,0.17857142857142858,20985,58142,13.4,109737
17031,Illinois,Cook County,0.9984779299847792,0.03881278538812785,0.2009132420091324,0,64660,14.4,5198275
17031,Illinois,Cook County,0.9984779299847792,0.03881278538812785,0.2009132420091324,2877,64660,14.4,5198275
17031,Illinois,Cook County,0.9984779299847792,0.03881278538812785,0.2009132420091324,18645,64660,14.4,5198275
17031,Illinois,Cook County,0.9984779299847792,0.03881278538812785,0.2009132420091324,0,64660,14.4,5198275
17031,Illinois,Cook County,0.9984779299847792,0.03881278538812785,0.2009132420091324,35299,64660,14.4,5198275
17031,Illinois,Cook County,0.9984779299847792,0.03881278538812785,0.2009132420091324,75926,64660,14.4,5198275
17031,Illinois,Cook County,0.9984779299847792,0.03881278538812785,0.2009132420091324,54529,64660,14.4,5198275
17031,Illinois,Cook County,0.9984779299847792,0.03881278538812785,0.2009132420091324,64422,64660,14.4,5198275
17031,Illinois,Cook County,0.9984779299847792,0.03881278538812785,0.2009132420091324,43837,64660,14.4,5198275
17031,Illinois,Cook County,0.9984779299847792,0.03881278538812785,0.2009132420091324,  ,64660,14.4,5198275
17031,Illinois,Cook County,0.9984779299847792,0.03881278538812785,0.2009132420091324,61953,64660,14.4,5198275
17031,Illinois,Cook County,0.9984779299847792,0.03881278538812785,0.2009132420091324,  ,64660,14.4,5198275
17031,Illinois,Cook County,0.9984779299847792,0.03881278538812785,0.2009132420091324,  ,64660,14.4,5198275
17031,Illinois,Cook County,0.9984779299847792,0.03881278538812785,0.2009132420091324,79715,64660,14.4,5198275
17031,Illinois,Cook County,0.9984779299847792,0.03881278538812785,0.2009132420091324,  ,64660,14.4,5198275
17031,Illinois,Cook County,0.9984779299847792,0.03881278538812785,0.2009132420091324,30430,64660,14.4,5198275
17031,Illinois,Cook County,0.9984779299847792,0.03881278538812785,0.2009132420091324,56614,64660,14.4,5198275
17031,Illinois,Cook County,0.9984779299847792,0.03881278538812785,0.2009132420091324,  ,64660,14.4,5198275
17031,Illinois,Cook County,0.9984779299847792,0.03881278538812785,0.2009132420091324,  ,64660,14.4,5198275
17031,Illinois,Cook County,0.9984779299847792,0.03881278538812785,0.2009132420091324,1232,64660,14.4,5198275
17031,Illinois,Cook County,0.9984779299847792,0.03881278538812785,0.2009132420091324,41461,64660,14.4,5198275
17031,Illinois,Cook County,0.9984779299847792,0.03881278538812785,0.2009132420091324,  ,64660,14.4,5198275
17031,Illinois,Cook County,0.9984779299847792,0.03881278538812785,0.2009132420091324,  ,64660,14.4,5198275
17031,Illinois,Cook County,0.9984779299847792,0.03881278538812785,0.2009132420091324,62140,64660,14.4,5198275
17031,Illinois,Cook County,0.9984779299847792,0.03881278538812785,0.2009132420091324,95834,64660,14.4,5198275
17031,Illinois,Cook County,0.9984779299847792,0.03881278538812785,0.2009132420091324,0,64660,14.4,5198275
17031,Illinois,Cook County,0.9984779299847792,0.03881278538812785,0.2009132420091324,43218,64660,14.4,5198275
17031,Illinois,Cook County,0.9984779299847792,0.03881278538812785,0.2009132420091324,37417,64660,14.4,5198275
17031,Illinois,Cook County,0.9984779299847792,0.03881278538812785,0.2009132420091324,  ,64660,14.4,5198275
17031,Illinois,Cook County,0.9984779299847792,0.03881278538812785,0.2009132420091324,0,64660,14.4,5198275
17031,Illinois,Cook County,0.9984779299847792,0.03881278538812785,0.2009132420091324,35020,64660,14.4,5198275
17031,Illinois,Cook County,0.9984779299847792,0.03881278538812785,0.2009132420091324,2420,64660,14.4,5198275
17031,Illinois,Cook County,0.9984779299847792,0.03881278538812785,0.2009132420091324,79,64660,14.4,5198275
17115,Illinois,Macon County,0.8529411764705882,0.11764705882352941,0.35294117647058826,23619,50480,17.0,105528
17177,Illinois,Stephenson County,0.46153846153846156,0.0,0.23076923076923078,9888,48805,13.6,45093
17055,Illinois,Franklin County,0.5833333333333334,0.25,0.3333333333333333,9871,42769,19.5,38923
17109,Illinois,McDonough County,0.7,0.5,0.3,4014,44471,21.9,30479
17111,Illinois,McHenry County,0.7884615384615384,0.038461538461538464,0.1346153846153846,18279,86799,7.0,307714
20071,Kansas,Greeley County,0.0,0.0,0.0,35,54112,7.5,1185
20051,Kansas,Ellis County,0.5,0.16666666666666666,0.3333333333333333,1200,52883,15.5,28775
20107,Kansas,Linn County,0.0,0.5,0.0,865,48778,16.3,9671
20175,Kansas,Seward County,0.8,0.4,0.2,1311,49291,16.9,22349
20091,Kansas,Johnson County,0.9307692307692308,0.007692307692307693,0.08461538461538462,13168,89087,5.4,591506
20121,Kansas,Miami County,0.25,0.125,0.125,1694,71995,6.9,33417
20207,Kansas,Woodson County,0.0,0.5,0.0,263,39643,19.6,3157
20135,Kansas,Ness County,0.0,0.5,0.0,111,56492,10.2,2876
20011,Kansas,Bourbon County,0.4,0.4,0.0,1631,43917,16.1,14608
20097,Kansas,Kiowa County,0.0,0.0,0.0,130,53274,6.7,2505
20177,Kansas,Shawnee County,0.7674418604651163,0.2558139534883721,0.2558139534883721,18104,56762,11.4,177852
20019,Kansas,Chautauqua County,0.0,1.0,0.0,373,40298,18.5,3323
20155,Kansas,Reno County,0.5882352941176471,0.058823529411764705,0.23529411764705882,5319,49936,12.9,62765
20043,Kansas,Doniphan County,0.0,0.0,0.0,480,49703,13.4,7684
20081,Kansas,Haskell County,0.0,0.0,0.0,148,55064,10.5,4018
20171,Kansas,Scott County,1.0,0.0,0.0,239,65417,6.0,4917
20013,Kansas,Brown County,0.3333333333333333,0.3333333333333333,0.0,879,48333,13.2,9626
20147,Kansas,Phillips County,0.3333333333333333,0.3333333333333333,0.0,238,50093,9.8,5340
20039,Kansas,Decatur County,0.0,0.5,0.0,202,48125,15.6,2860
21079,Kentucky,Garrard County,0.0,0.0,0.5,2214,52631,15.7,17445
21037,Kentucky,Campbell County,0.88,0.04,0.24,6369,63050,13.5,92861
21063,Kentucky,Elliott County,0.0,0.0,0.0,1618,32306,30.6,7510
21123,Kentucky,Larue County,0.25,0.25,0.25,1647,47643,14.6,14204
21167,Kentucky,Mercer County,0.2,0.2,0.6,2354,55093,14.2,21592
21207,Kentucky,Russell County,0.0,0.2,0.4,3458,38390,23.2,17778
21229,Kentucky,Washington County,0.0,0.3333333333333333,0.3333333333333333,1547,53743,15.2,12023
21009,Kentucky,Barren County,0.3,0.3,0.2,6076,41459,24.2,43884
21091,Kentucky,Hancock County,0.3333333333333333,0.0,0.0,868,57217,11.8,8720
21093,Kentucky,Hardin County,0.7272727272727273,0.22727272727272727,0.2727272727272727,10128,54367,13.2,108527
21149,Kentucky,McLean County,0.0,0.0,0.0,999,51861,16.1,9283
21197,Kentucky,Powell County,0.0,0.0,1.0,2921,37469,21.4,12304
21033,Kentucky,Caldwell County,0.0,0.0,0.3333333333333333,1610,44775,16.8,12702
21019,Kentucky,Boyd County,0.7692307692307693,0.38461538461538464,0.3076923076923077,7107,48308,18.9,47682
21067,Kentucky,Fayette County,0.9146341463414634,0.14634146341463414,0.23170731707317074,26582,57291,16.8,320601
21115,Kentucky,Johnson County,0.0,0.16666666666666666,0.8333333333333334,4931,37055,22.7,22634
21175,Kentucky,Morgan County,0.0,0.2,0.4,2483,36134,22.7,13288
21199,Kentucky,Pulaski County,0.2857142857142857,0.14285714285714285,0.35714285714285715,10367,39998,22.7,64350
21001,Kentucky,Adair County,0.0,0.14285714285714285,0.14285714285714285,2891,38021,20.5,19222
21025,Kentucky,Breathitt County,0.14285714285714285,0.14285714285714285,0.42857142857142855,4448,27344,34.4,12977
21099,Kentucky,Hart County,0.0,0.2,0.8,2728,38396,21.5,18729
21223,Kentucky,Trimble County,0.0,0.0,1.0,770,53056,17.3,8558
21105,Kentucky,Hickman County,0.0,0.0,1.0,639,42929,14.9,4510
21143,Kentucky,Lyon County,0.0,0.0,0.0,613,52528,15.8,8271
21135,Kentucky,Lewis County,0.0,0.0,0.5,2953,31147,24.4,13417
21239,Kentucky,Woodford County,0.625,0.125,0.125,1953,63820,13.0,26318
21131,Kentucky,Leslie County,0.0,0.3333333333333333,1.0,2984,31627,38.0,10283
21127,Kentucky,Lawrence County,0.0,0.2,0.2,3571,32798,26.5,15671
21145,Kentucky,McCracken County,0.8235294117647058,0.35294117647058826,0.5882352941176471,8131,46080,15.8,65268
46025,South Dakota,Clark County,0.0,0.0,0.0,115,48980,9.0,3685
46015,South Dakota,Brule County,0.0,0.5,0.0,1174,57196,13.5,5258
46053,South Dakota,Gregory County,0.0,0.0,0.0,378,43438,14.3,4186
46099,South Dakota,Minnehaha County,0.7857142857142857,0.14285714285714285,0.16666666666666666,16073,61772,10.0,188674
46077,South Dakota,Kingsbury County,0.0,0.0,0.0,183,61699,8.2,4944
46027,South Dakota,Clay County,0.6666666666666666,0.3333333333333333,0.3333333333333333,930,50724,22.4,13957
46041,South Dakota,Dewey County,0.5,0.5,0.0,1967,47475,31.3,5833
46065,South Dakota,Hughes County,0.75,0.0,0.25,1522,64783,11.2,17608
46111,South Dakota,Sanborn County,0.0,0.0,0.0,111,56875,8.8,2379
46059,South Dakota,Hand County,0.0,0.0,0.0,88,54155,8.2,3256
46135,South Dakota,Yankton County,0.4,0.4,0.2,1680,58342,11.1,22717
46005,South Dakota,Beadle County,0.6666666666666666,0.0,0.0,2493,52313,16.2,18346
46035,South Dakota,Davison County,0.75,0.25,0.25,1681,50570,14.2,19871
46073,South Dakota,Jerauld County,0.0,0.0,0.0,61,49632,7.9,2018
46117,South Dakota,Stanley County,0.0,0.0,0.0,124,71382,4.7,3017
46107,South Dakota,Potter County,0.0,0.0,0.0,60,54583,7.5,2315
46023,South Dakota,Charles Mix County,0.0,0.0,0.0,1693,50481,19.0,9349
46091,South Dakota,Marshall County,0.0,0.0,0.0,221,63723,8.5,4891
46105,South Dakota,Perkins County,0.0,0.0,0.0,139,57981,9.2,2897
21153,Kentucky,Magoffin County,0.0,0.0,0.5,3732,28147,28.3,12491
21235,Kentucky,Whitley County,0.25,0.125,0.375,9159,39005,23.6,36131
21071,Kentucky,Floyd County,0.1,0.1,0.7,10252,32730,30.7,36456
21117,Kentucky,Kenton County,0.9024390243902439,0.0975609756097561,0.2926829268292683,14018,64339,11.5,165668
21205,Kentucky,Rowan County,0.0,0.0,0.75,3585,38230,27.9,24507
21217,Kentucky,Taylor County,0.2,0.2,0.6,3972,44522,17.9,25571
21039,Kentucky,Carlisle County,0.0,0.0,0.0,605,45109,16.8,4784
21065,Kentucky,Estill County,0.0,0.0,0.5,3297,31688,30.9,14224
22079,Louisiana,Rapides Parish,0.6060606060606061,0.3939393939393939,0.5151515151515151,26524,47269,19.6,130970
22105,Louisiana,Tangipahoa Parish,0.6,0.3,0.65,27146,47832,21.4,132057
22123,Louisiana,West Carroll Parish,0.0,0.0,0.0,2087,38500,21.9,11041
22021,Louisiana,Caldwell Parish,0.0,0.0,0.6666666666666666,2019,37691,25.1,9992
22035,Louisiana,East Carroll Parish,0.6666666666666666,1.0,0.3333333333333333,2489,22346,44.6,7096
22039,Louisiana,Evangeline Parish,0.25,0.125,0.625,8118,31965,28.7,33589
22087,Louisiana,St. Bernard Parish,0.9411764705882353,0.23529411764705882,0.0,8616,44661,21.1,46266
22121,Louisiana,West Baton Rouge Parish,0.6,0.2,0.2,3895,65385,12.5,26101
22081,Louisiana,Red River Parish,0.0,0.0,0.5,2166,33816,25.3,8565
22069,Louisiana,Natchitoches Parish,0.4444444444444444,0.5555555555555556,0.4444444444444444,8431,28567,32.3,38769
22025,Louisiana,Catahoula Parish,0.0,0.3333333333333333,0.0,2126,40129,22.1,9766
22041,Louisiana,Franklin Parish,0.16666666666666666,0.6666666666666666,0.3333333333333333,5296,35282,29.0,20238
22007,Louisiana,Assumption Parish,0.0,0.0,0.3333333333333333,4018,43759,19.2,22478
22113,Louisiana,Vermilion Parish,0.3333333333333333,0.25,0.25,10706,51945,17.6,59865
22029,Louisiana,Concordia Parish,0.4,0.4,0.4,5122,32500,25.0,19778
24047,Maryland,Worcester County,0.5333333333333333,0.3333333333333333,0.26666666666666666,5733,63499,9.0,51765
24041,Maryland,Talbot County,0.3,0.3,0.2,4078,73547,8.7,37167
26005,Michigan,Allegan County,0.375,0.08333333333333333,0.20833333333333334,15860,62965,10.4,116143
26003,Michigan,Alger County,0.0,0.3333333333333333,0.0,1409,45570,11.2,9151
26127,Michigan,Oceana County,0.14285714285714285,0.2857142857142857,0.14285714285714285,6792,50104,15.0,26416
26035,Michigan,Clare County,0.09090909090909091,0.0,0.18181818181818182,11297,39565,22.7,30651
26073,Michigan,Isabella County,0.5333333333333333,0.13333333333333333,0.13333333333333333,11375,45116,26.0,70688
26157,Michigan,Tuscola County,0.15384615384615385,0.15384615384615385,0.23076923076923078,12772,49988,14.2,52939
26007,Michigan,Alpena County,0.5555555555555556,0.1111111111111111,0.3333333333333333,7165,43363,14.3,28520
26111,Michigan,Midland County,0.47368421052631576,0.10526315789473684,0.2631578947368421,13924,62625,10.4,83355
26135,Michigan,Oscoda County,0.0,0.0,0.2,2351,42335,16.2,8248
26037,Michigan,Clinton County,0.45454545454545453,0.09090909090909091,0.045454545454545456,7534,70390,8.8,78389
26057,Michigan,Gratiot County,0.4,0.3,0.2,8999,47848,16.7,40916
26091,Michigan,Lenawee County,0.43478260869565216,0.17391304347826086,0.17391304347826086,19385,55450,11.4,98381
26117,Michigan,Montcalm County,0.07692307692307693,0.07692307692307693,0.46153846153846156,14389,49448,14.4,63413
26147,Michigan,St. Clair County,0.5510204081632653,0.14285714285714285,0.22448979591836735,38266,56951,12.7,159247
26161,Michigan,Washtenaw County,0.82,0.15,0.2,41065,72586,14.0,367000
26027,Michigan,Cass County,0.18181818181818182,0.0,0.18181818181818182,10579,55107,12.1,51523
26143,Michigan,Roscommon County,0.1,0.1,0.1,6777,42054,16.7,23851
26023,Michigan,Branch County,0.3333333333333333,0.16666666666666666,0.3333333333333333,8198,51947,15.8,43513
26075,Michigan,Jackson County,0.6052631578947368,0.21052631578947367,0.39473684210526316,32912,53658,13.8,158636
26099,Michigan,Macomb County,0.958139534883721,0.11162790697674418,0.19069767441860466,171353,62855,10.6,870325
26013,Michigan,Baraga County,0.0,1.0,0.0,1693,46065,14.8,8421
26045,Michigan,Eaton County,0.6428571428571429,0.10714285714285714,0.14285714285714285,14270,64348,10.1,109456
13293,Georgia,Upson County,0.2857142857142857,0.42857142857142855,0.2857142857142857,6437,37640,20.9,26236
13303,Georgia,Washington County,0.2,0.4,0.6,4294,38068,22.3,20436
13311,Georgia,White County,0.0,0.0,0.0,2823,52493,10.8,29489
13225,Georgia,Peach County,0.16666666666666666,0.0,0.6666666666666666,5528,46636,22.2,27145
13223,Georgia,Paulding County,0.7368421052631579,0.05263157894736842,0.15789473684210525,13963,68370,8.2,159825
13229,Georgia,Pierce County,0.0,0.25,0.25,3873,42804,22.1,19250
13231,Georgia,Pike County,0.0,0.0,0.25,1892,64878,9.5,18327
13245,Georgia,Richmond County,0.9361702127659575,0.5319148936170213,0.425531914893617,40819,42728,23.0,201852
13251,Georgia,Screven County,0.0,0.2,0.4,3037,39842,22.5,13989
13267,Georgia,Tattnall County,0.2,0.2,0.6,3883,40730,23.2,25382
13019,Georgia,Berrien County,0.0,0.3333333333333333,0.16666666666666666,3678,40415,24.2,19152
17135,Illinois,Montgomery County,0.375,0.5,0.375,6336,52748,16.6,28828
17195,Illinois,Whiteside County,0.6111111111111112,0.2222222222222222,0.1111111111111111,9929,54232,10.7,56016
17001,Illinois,Adams County,0.7222222222222222,0.05555555555555555,0.16666666666666666,15032,52993,12.5,66085
17027,Illinois,Clinton County,0.125,0.0,0.25,0,66639,7.7,37634
17037,Illinois,DeKalb County,0.7142857142857143,0.23809523809523808,0.23809523809523808,12655,63317,16.6,104366
17081,Illinois,Jefferson County,0.5454545454545454,0.36363636363636365,0.2727272727272727,10512,49896,17.0,37985
17183,Illinois,Vermilion County,0.5833333333333334,0.25,0.375,18671,46515,18.9,77563
17197,Illinois,Will County,0.9006622516556292,0.10596026490066225,0.11258278145695365,72671,86961,6.7,689315
17199,Illinois,Williamson County,0.6,0.3333333333333333,0.4,12531,50734,13.9,67102
17041,Illinois,Douglas County,0.4,0.2,0.2,  ,56714,10.8,19623
17049,Illinois,Effingham County,0.375,0.25,0.25,0,56685,10.6,34137
17057,Illinois,Fulton County,0.25,0.16666666666666666,0.08333333333333333,5500,51643,14.7,35092
17061,Illinois,Greene County,0.4,0.0,0.0,0,49885,13.1,13132
17065,Illinois,Hamilton County,0.3333333333333333,0.0,0.0,  ,54046,9.3,8176
17073,Illinois,Henry County,0.46153846153846156,0.15384615384615385,0.07692307692307693,6598,59933,10.8,49267
17095,Illinois,Knox County,0.6875,0.25,0.25,9643,44129,18.2,50508
17105,Illinois,Livingston County,0.4,0.2,0.2,0,55160,15.0,36040
17179,Illinois,Tazewell County,0.7,0.1,0.3333333333333333,17680,63454,8.3,133195
17187,Illinois,Warren County,0.4,0.2,0.0,4763,50310,12.9,17146
18061,Indiana,Harrison County,0.0,0.0,0.16666666666666666,2561,57712,11.0,39940
18091,Indiana,LaPorte County,0.6071428571428571,0.2857142857142857,0.35714285714285715,13150,53658,15.2,110154
18169,Indiana,Wabash County,0.5,0.125,0.375,2239,54259,11.5,31389
18073,Indiana,Jasper County,0.25,0.25,0.0,2414,63892,8.2,33447
18101,Indiana,Martin County,0.3333333333333333,0.0,0.0,749,52726,11.7,10212
18127,Indiana,Porter County,0.7741935483870968,0.16129032258064516,0.0967741935483871,9225,71152,9.9,168636
18137,Indiana,Ripley County,0.16666666666666666,0.0,0.16666666666666666,2109,56332,11.9,28391
18147,Indiana,Spencer County,0.0,0.0,0.0,1139,57305,9.3,20447
18159,Indiana,Tipton County,0.25,0.0,0.0,697,58118,8.5,15162
18167,Indiana,Vigo County,0.7142857142857143,0.4642857142857143,0.39285714285714285,13633,45230,19.1,107459
18173,Indiana,Warrick County,0.5454545454545454,0.0,0.09090909090909091,2499,73482,6.9,62280
18033,Indiana,DeKalb County,0.4444444444444444,0.2222222222222222,0.1111111111111111,2507,56421,11.3,42927
18087,Indiana,LaGrange County,0.125,0.0,0.75,1285,64498,6.4,39193
18139,Indiana,Rush County,0.4,0.0,0.0,1356,54346,14.5,16641
18011,Indiana,Boone County,0.5,0.0,0.2,2066,83077,6.0,65544
27125,Minnesota,Red Lake County,0.0,0.0,0.0,283,58576,10.5,4015
27125,Minnesota,Red Lake County,0.0,0.0,0.0,4,58576,10.5,4015
26053,Michigan,Gogebic County,0.2857142857142857,0.14285714285714285,0.2857142857142857,4320,38839,17.0,15061
27093,Minnesota,Meeker County,0.3333333333333333,0.16666666666666666,0.16666666666666666,1269,63452,6.7,23105
27093,Minnesota,Meeker County,0.3333333333333333,0.16666666666666666,0.16666666666666666,28,63452,6.7,23105
27131,Minnesota,Rice County,0.6153846153846154,0.23076923076923078,0.38461538461538464,3786,68584,9.2,66185
27131,Minnesota,Rice County,0.6153846153846154,0.23076923076923078,0.38461538461538464,23,68584,9.2,66185
27131,Minnesota,Rice County,0.6153846153846154,0.23076923076923078,0.38461538461538464,0,68584,9.2,66185
27027,Minnesota,Clay County,0.6923076923076923,0.0,0.3076923076923077,6706,65269,12.3,63446
27027,Minnesota,Clay County,0.6923076923076923,0.0,0.3076923076923077,69,65269,12.3,63446
27027,Minnesota,Clay County,0.6923076923076923,0.0,0.3076923076923077,0,65269,12.3,63446
27045,Minnesota,Fillmore County,0.0,0.0,0.16666666666666666,1089,61207,10.7,20949
27045,Minnesota,Fillmore County,0.0,0.0,0.16666666666666666,25,61207,10.7,20949
27045,Minnesota,Fillmore County,0.0,0.0,0.16666666666666666,0,61207,10.7,20949
27119,Minnesota,Polk County,0.5,0.2,0.2,3631,59343,11.8,31521
27119,Minnesota,Polk County,0.5,0.2,0.2,10,59343,11.8,31521
27143,Minnesota,Sibley County,0.0,0.0,0.0,813,63439,7.9,14892
27143,Minnesota,Sibley County,0.0,0.0,0.0,3,63439,7.9,14892
27143,Minnesota,Sibley County,0.0,0.0,0.0,0,63439,7.9,14892
27165,Minnesota,Watonwan County,0.3333333333333333,0.0,0.0,648,54065,13.4,10972
27165,Minnesota,Watonwan County,0.3333333333333333,0.0,0.0,6,54065,13.4,10972
27011,Minnesota,Big Stone County,0.0,0.0,0.0,380,53900,10.1,4996
27011,Minnesota,Big Stone County,0.0,0.0,0.0,4,53900,10.1,4996
27021,Minnesota,Cass County,0.0,0.3,0.1,4172,52204,13.6,29268
27021,Minnesota,Cass County,0.0,0.3,0.1,2,52204,13.6,29268
27021,Minnesota,Cass County,0.0,0.3,0.1,0,52204,13.6,29268
27057,Minnesota,Hubbard County,0.14285714285714285,0.2857142857142857,0.0,2108,56709,11.8,21019
27057,Minnesota,Hubbard County,0.14285714285714285,0.2857142857142857,0.0,7,56709,11.8,21019
27091,Minnesota,Martin County,0.3333333333333333,0.3333333333333333,0.3333333333333333,1856,52798,13.7,19852
27091,Minnesota,Martin County,0.3333333333333333,0.3333333333333333,0.3333333333333333,14,52798,13.7,19852
27105,Minnesota,Nobles County,0.5,0.3333333333333333,0.16666666666666666,1744,55304,13.6,21734
27105,Minnesota,Nobles County,0.5,0.3333333333333333,0.16666666666666666,16,55304,13.6,21734
27141,Minnesota,Sherburne County,0.2727272727272727,0.09090909090909091,0.2727272727272727,4150,89250,6.4,94463
27141,Minnesota,Sherburne County,0.2727272727272727,0.09090909090909091,0.2727272727272727,5,89250,6.4,94463
27141,Minnesota,Sherburne County,0.2727272727272727,0.09090909090909091,0.2727272727272727,0,89250,6.4,94463
27019,Minnesota,Carver County,0.7368421052631579,0.0,0.10526315789473684,2518,101496,4.1,101949
27019,Minnesota,Carver County,0.7368421052631579,0.0,0.10526315789473684,21,101496,4.1,101949
27019,Minnesota,Carver County,0.7368421052631579,0.0,0.10526315789473684,0,101496,4.1,101949
27085,Minnesota,McLeod County,0.5714285714285714,0.2857142857142857,0.2857142857142857,1670,62121,8.5,35832
27085,Minnesota,McLeod County,0.5714285714285714,0.2857142857142857,0.2857142857142857,19,62121,8.5,35832
27085,Minnesota,McLeod County,0.5714285714285714,0.2857142857142857,0.2857142857142857,0,62121,8.5,35832
27123,Minnesota,Ramsey County,1.0,0.11029411764705882,0.2647058823529412,67804,64660,14.0,544442
27123,Minnesota,Ramsey County,1.0,0.11029411764705882,0.2647058823529412,119,64660,14.0,544442
27123,Minnesota,Ramsey County,1.0,0.11029411764705882,0.2647058823529412,0,64660,14.0,544442
27169,Minnesota,Winona County,0.6,0.2,0.3,2731,59329,12.9,50725
27169,Minnesota,Winona County,0.6,0.2,0.3,64,59329,12.9,50725
27035,Minnesota,Crow Wing County,0.3125,0.125,0.25,0,56549,10.8,64217
27035,Minnesota,Crow Wing County,0.3125,0.125,0.25,4146,56549,10.8,64217
27035,Minnesota,Crow Wing County,0.3125,0.125,0.25,14,56549,10.8,64217
27171,Minnesota,Wright County,0.47058823529411764,0.11764705882352941,0.29411764705882354,4025,84974,4.6,134438
27171,Minnesota,Wright County,0.47058823529411764,0.11764705882352941,0.29411764705882354,8,84974,4.6,134438
27171,Minnesota,Wright County,0.47058823529411764,0.11764705882352941,0.29411764705882354,0,84974,4.6,134438
27081,Minnesota,Lincoln County,0.0,0.0,0.0,306,53077,10.9,5677
27081,Minnesota,Lincoln County,0.0,0.0,0.0,4,53077,10.9,5677
27095,Minnesota,Mille Lacs County,0.14285714285714285,0.2857142857142857,0.2857142857142857,2009,56135,12.4,25865
27095,Minnesota,Mille Lacs County,0.14285714285714285,0.2857142857142857,0.2857142857142857,13,56135,12.4,25865
27095,Minnesota,Mille Lacs County,0.14285714285714285,0.2857142857142857,0.2857142857142857,0,56135,12.4,25865
27017,Minnesota,Carlton County,0.2857142857142857,0.2857142857142857,0.14285714285714285,2431,63098,11.3,35633
27017,Minnesota,Carlton County,0.2857142857142857,0.2857142857142857,0.14285714285714285,12,63098,11.3,35633
27017,Minnesota,Carlton County,0.2857142857142857,0.2857142857142857,0.14285714285714285,0,63098,11.3,35633
27065,Minnesota,Kanabec County,0.25,0.5,0.0,1502,57163,10.0,16089
27065,Minnesota,Kanabec County,0.25,0.5,0.0,12,57163,10.0,16089
27065,Minnesota,Kanabec County,0.25,0.5,0.0,0,57163,10.0,16089
13049,Georgia,Charlton County,0.0,0.5,0.5,1792,41961,25.2,13040
13295,Georgia,Walker County,0.46153846153846156,0.38461538461538464,0.3076923076923077,8893,46157,16.1,69039
13135,Georgia,Gwinnett County,1.0,0.1592920353982301,0.168141592920354,73394,71026,10.7,915046
13013,Georgia,Barrow County,0.6111111111111112,0.2777777777777778,0.0,8874,62345,12.6,78991
13065,Georgia,Clinch County,0.0,0.0,0.0,1633,27658,40.2,6686
13015,Georgia,Bartow County,0.4,0.26666666666666666,0.4,12821,57423,14.0,104919
13097,Georgia,Douglas County,0.75,0.3,0.35,19673,63835,12.8,143316
13131,Georgia,Grady County,0.0,0.0,0.16666666666666666,4963,43531,22.4,24828
13141,Georgia,Hancock County,0.5,0.5,0.5,1778,31860,22.2,8515
13313,Georgia,Whitfield County,0.5555555555555556,0.16666666666666666,0.2222222222222222,11792,48623,15.9,104237
13193,Georgia,Macon County,0.0,0.0,0.5,2603,32161,25.5,13305
13285,Georgia,Troup County,0.35714285714285715,0.21428571428571427,0.5,12183,45649,21.3,69919
13145,Georgia,Harris County,0.0,0.0,0.0,2212,76319,6.2,34105
13249,Georgia,Schley County,0.0,0.0,0.0,816,44448,17.2,5221
13321,Georgia,Worth County,0.0,0.0,0.4,4357,45398,19.0,20494
13093,Georgia,Dooly County,0.6666666666666666,0.6666666666666666,0.6666666666666666,2435,37340,24.1,13736
13109,Georgia,Evans County,0.0,0.0,0.3333333333333333,2893,42607,26.9,10687
13307,Georgia,Webster County,0.0,0.0,0.0,559,37297,22.4,2610
13103,Georgia,Effingham County,0.2,0.0,0.0,5974,66822,8.5,60477
13125,Georgia,Glascock County,0.0,1.0,0.0,436,45000,18.9,2996
13239,Georgia,Quitman County,0.0,0.0,1.0,654,26667,20.3,2289
13051,Georgia,Chatham County,0.9436619718309859,0.19718309859154928,0.29577464788732394,43450,56842,15.1,288496
13167,Georgia,Johnson County,0.0,0.3333333333333333,0.3333333333333333,1836,42446,22.6,9691
13173,Georgia,Lanier County,0.0,0.0,0.5,1912,40986,23.1,10380
13195,Georgia,Madison County,0.0,0.16666666666666666,0.0,3823,52500,17.1,29218
13205,Georgia,Mitchell County,0.2,0.2,0.4,5643,38116,23.1,22244
13277,Georgia,Tift County,0.3333333333333333,0.3333333333333333,0.4444444444444444,9492,45639,23.3,40541
13233,Georgia,Polk County,0.2857142857142857,0.14285714285714285,0.7142857142857143,8044,44891,18.4,41908
13263,Georgia,Talbot County,0.0,0.3333333333333333,0.3333333333333333,1169,38549,18.9,6321
13273,Georgia,Terrell County,0.25,0.25,0.25,3297,34768,32.4,8737
13275,Georgia,Thomas County,0.36363636363636365,0.18181818181818182,0.45454545454545453,9833,43740,19.2,44630
13319,Georgia,Wilkinson County,0.0,0.3333333333333333,0.6666666666666666,2079,38996,23.4,9010
13221,Georgia,Oglethorpe County,0.0,0.0,0.25,1713,47120,12.8,14931
13243,Georgia,Randolph County,0.5,0.5,1.0,2242,31699,32.9,6973
13299,Georgia,Ware County,0.5555555555555556,0.5555555555555556,0.5555555555555556,9620,36869,24.9,35593
13305,Georgia,Wayne County,0.16666666666666666,0.3333333333333333,0.3333333333333333,6162,45483,15.3,29788
13315,Georgia,Wilcox County,0.0,0.25,0.0,1757,36964,24.2,8824
13009,Georgia,Baldwin County,0.5555555555555556,0.4444444444444444,0.6666666666666666,7293,43672,23.6,45111
13031,Georgia,Bulloch County,0.5,0.16666666666666666,0.5,11803,45550,26.4,76120
13061,Georgia,Clay County,0.0,0.0,1.0,1013,22325,39.5,2951
13089,Georgia,DeKalb County,0.9861111111111112,0.2638888888888889,0.3958333333333333,131687,62399,15.1,749323
13143,Georgia,Haralson County,0.2,0.2,0.4,4859,48550,14.9,29227
13163,Georgia,Jefferson County,0.0,0.0,0.75,3868,33944,24.6,15618
13181,Georgia,Lincoln County,0.0,0.0,0.5,1193,39742,20.6,7856
13213,Georgia,Murray County,0.25,0.0,0.125,6788,48033,15.6,39724
13235,Georgia,Pulaski County,0.0,0.0,0.3333333333333333,1829,45148,22.2,11216
13241,Georgia,Rabun County,0.0,0.0,0.2,1727,42500,18.1,16645
13281,Georgia,Towns County,0.0,0.0,0.0,1009,48219,15.4,11617
13283,Georgia,Treutlen County,0.5,0.0,0.5,1630,32241,27.5,6795
13155,Georgia,Irwin County,0.0,0.0,0.5,1767,37736,23.9,9320
13001,Georgia,Appling County,0.4,0.6,0.4,3812,40304,22.5,18440
39149,Ohio,Shelby County,0.4,0.1,0.2,3347,63806,8.8,48749
39171,Ohio,Williams County,0.4444444444444444,0.1111111111111111,0.2222222222222222,3498,53183,11.2,36816
39029,Ohio,Columbiana County,0.5,0.125,0.2916666666666667,14414,48345,14.3,103190
39051,Ohio,Fulton County,0.4444444444444444,0.0,0.0,2866,63092,7.8,42253
39053,Ohio,Gallia County,0.14285714285714285,0.42857142857142855,0.42857142857142855,6515,44858,20.7,30088
39099,Ohio,Mahoning County,0.8857142857142857,0.34285714285714286,0.2714285714285714,41769,46042,17.5,229961
39145,Ohio,Scioto County,0.4,0.1,0.45,18522,41330,22.6,76040
39117,Ohio,Morrow County,0.0,0.0,0.5,3150,59452,9.7,35043
10003,Delaware,New Castle County,0.937984496124031,0.14728682170542637,0.23255813953488372,22491,73892,11.4,556165
10001,Delaware,Kent County,0.59375,0.21875,0.46875,35502,60910,13.5,176699
12099,Florida,Palm Beach County,0.975975975975976,0.03903903903903904,0.17717717717717718,151746,63299,12.2,1465027
12037,Florida,Franklin County,0.0,0.0,0.0,1614,46643,18.8,11811
12047,Florida,Hamilton County,0.0,0.6666666666666666,0.6666666666666666,2614,38569,29.9,14326
12119,Florida,Sumter County,0.3157894736842105,0.05263157894736842,0.15789473684210525,8458,57226,8.2,125044
12059,Florida,Holmes County,0.25,0.5,0.75,4144,39102,22.8,19432
12071,Florida,Lee County,0.8484848484848485,0.15757575757575756,0.18181818181818182,83439,57832,13.1,737468
12021,Florida,Collier County,0.9178082191780822,0.1506849315068493,0.2191780821917808,19448,69653,11.2,371453
12101,Florida,Pasco County,0.849624060150376,0.21804511278195488,0.19548872180451127,69041,52828,12.7,524602
12055,Florida,Highlands County,0.5,0.3076923076923077,0.2692307692307692,17901,40942,18.6,103437
12027,Florida,DeSoto County,0.3333333333333333,0.2222222222222222,0.1111111111111111,5770,35438,26.8,36903
12023,Florida,Columbia County,0.25,0.08333333333333333,0.25,13831,46494,15.8,69968
12107,Florida,Putnam County,0.25,0.3125,0.4375,16761,37670,23.6,73252
12125,Florida,Union County,0.3333333333333333,0.6666666666666666,0.0,2259,44270,20.8,15303
12075,Florida,Levy County,0.1111111111111111,0.2222222222222222,0.2222222222222222,7086,37326,20.7,40403
12127,Florida,Volusia County,0.8584070796460177,0.23008849557522124,0.19469026548672566,74965,49494,14.3,536487
12079,Florida,Madison County,0.0,0.4,0.8,2851,37037,27.8,18460
12033,Florida,Escambia County,0.9154929577464789,0.22535211267605634,0.2676056338028169,50804,50915,14.0,313491
12091,Florida,Okaloosa County,0.9024390243902439,0.04878048780487805,0.24390243902439024,18752,63412,10.9,203794
13187,Georgia,Lumpkin County,0.0,0.0,0.25,2987,51790,15.1,32402
13201,Georgia,Miller County,0.0,0.0,0.0,1482,44542,21.7,5787
13219,Georgia,Oconee County,0.16666666666666666,0.0,0.0,1380,90751,6.2,38132
13151,Georgia,Henry County,0.84,0.12,0.16,27216,71288,8.5,225356
13183,Georgia,Long County,0.0,0.0,0.5,2928,54605,18.9,18692
13257,Georgia,Stephens County,0.4,0.4,0.6,5117,47164,13.2,25750
13161,Georgia,Jeff Davis County,0.3333333333333333,0.6666666666666666,0.6666666666666666,3292,36669,22.0,15036
13037,Georgia,Calhoun County,0.0,0.5,0.5,1710,34167,27.3,6365
13021,Georgia,Bibb County,0.8863636363636364,0.3409090909090909,0.5,35981,41334,24.9,153200
13197,Georgia,Marion County,0.0,0.0,0.5,1778,44643,16.7,8432
13023,Georgia,Bleckley County,0.3333333333333333,0.3333333333333333,0.6666666666666666,2303,48174,18.0,12807
13119,Georgia,Franklin County,0.0,0.0,0.2,3775,42488,22.9,22766
13171,Georgia,Lamar County,0.3333333333333333,0.3333333333333333,0.6666666666666666,3526,44846,18.6,18672
13107,Georgia,Emanuel County,0.16666666666666666,0.6666666666666666,0.6666666666666666,5877,37453,22.1,22533
13159,Georgia,Jasper County,0.0,0.0,0.3333333333333333,2177,51250,15.5,13916
13179,Georgia,Liberty County,0.6428571428571429,0.35714285714285715,0.14285714285714285,10253,48007,15.9,61349
13253,Georgia,Seminole County,0.3333333333333333,0.3333333333333333,0.0,2421,33357,23.7,8321
13289,Georgia,Twiggs County,0.0,0.0,1.0,1729,34879,19.3,8229
13269,Georgia,Taylor County,0.0,0.0,0.0,1871,33832,25.8,8116
13279,Georgia,Toombs County,0.16666666666666666,0.3333333333333333,0.5,6709,40175,23.3,26972
39059,Ohio,Guernsey County,0.5,0.3,0.6,5416,45917,19.9,39111
39135,Ohio,Preble County,0.3333333333333333,0.0,0.08333333333333333,3958,58957,10.1,41093
39003,Ohio,Allen County,0.696969696969697,0.06060606060606061,0.2727272727272727,11807,53131,13.9,103175
39033,Ohio,Crawford County,0.6923076923076923,0.23076923076923078,0.38461538461538464,6042,44971,14.9,41821
39107,Ohio,Mercer County,0.4444444444444444,0.1111111111111111,0.1111111111111111,1763,62952,6.4,40884
39023,Ohio,Clark County,0.75,0.22727272727272727,0.22727272727272727,22060,50873,14.9,134726
39093,Ohio,Lorain County,0.8493150684931506,0.1780821917808219,0.2876712328767123,35759,58427,13.5,307670
39113,Ohio,Montgomery County,0.9539473684210527,0.23026315789473684,0.34210526315789475,69011,51542,16.6,531670
39165,Ohio,Warren County,0.7878787878787878,0.06060606060606061,0.21212121212121213,7816,87125,4.6,229132
39007,Ohio,Ashtabula County,0.52,0.28,0.52,17049,46700,19.9,97830
40071,Oklahoma,Kay County,0.8181818181818182,0.2727272727272727,0.36363636363636365,9481,46809,17.3,44402
40035,Oklahoma,Craig County,0.4,0.4,0.2,3794,43329,18.6,14390
40017,Oklahoma,Canadian County,0.7586206896551724,0.10344827586206896,0.034482758620689655,11296,72056,8.2,140455
40077,Oklahoma,Latimer County,0.0,0.0,0.3333333333333333,993,44214,18.6,10348
40139,Oklahoma,Texas County,0.4,0.2,0.0,1821,52282,19.6,20805
40127,Oklahoma,Pushmataha County,0.0,0.3333333333333333,0.6666666666666666,2074,37692,20.4,11128
40069,Oklahoma,Johnston County,0.0,0.0,0.0,2062,41332,20.9,11064
40007,Oklahoma,Beaver County,0.0,0.0,0.0,338,52349,11.4,5377
40063,Oklahoma,Hughes County,0.2,0.2,0.0,2459,39365,20.7,13372
40031,Oklahoma,Comanche County,0.71875,0.125,0.3125,19724,52161,16.1,121762
40001,Oklahoma,Adair County,0.2,0.2,0.2,6481,34695,27.8,22220
40137,Oklahoma,Stephens County,0.5454545454545454,0.18181818181818182,0.2727272727272727,7591,47214,14.3,43647
40019,Arizona,Apache County,0.0625,0.625,0.625,8473,51419,16.1,48319
40019,Oklahoma,Carter County,0.45454545454545453,0.09090909090909091,0.2727272727272727,8473,51419,16.1,48319
40055,Oklahoma,Greer County,0.5,0.5,0.0,969,41488,20.2,5861
40091,Oklahoma,McIntosh County,0.16666666666666666,0.5,0.16666666666666666,5006,39084,20.8,19725
40099,Arizona,Graham County,0.4444444444444444,0.2222222222222222,0.2222222222222222,1797,52478,15.5,13946
40099,Oklahoma,Murray County,0.3333333333333333,0.0,0.0,1797,52478,15.5,13946
40115,Oklahoma,Ottawa County,0.5555555555555556,0.3333333333333333,0.0,6870,39872,20.7,31454
40145,Oklahoma,Wagoner County,0.5454545454545454,0.09090909090909091,0.09090909090909091,7039,62795,10.4,78958
40015,Oklahoma,Caddo County,0.125,0.125,0.125,4632,46592,18.9,29242
40101,Oklahoma,Muskogee County,0.625,0.375,0.375,15703,43078,21.1,68736
40013,Oklahoma,Bryan County,0.45454545454545453,0.18181818181818182,0.09090909090909091,5703,44212,17.1,46457
13011,Georgia,Banks County,0.0,0.0,0.25,1946,47811,13.3,18708
13209,Georgia,Montgomery County,0.0,0.3333333333333333,0.3333333333333333,1399,41996,18.5,9058
13247,Georgia,Rockdale County,0.7333333333333333,0.26666666666666666,0.3333333333333333,15974,60189,13.1,89717
13309,Georgia,Wheeler County,0.0,0.0,0.5,1293,30192,25.7,7928
13059,Georgia,Clarke County,0.9333333333333333,0.43333333333333335,0.43333333333333335,15489,38623,29.6,126176
13127,Georgia,Glynn County,0.8666666666666667,0.3333333333333333,0.3333333333333333,13833,52977,18.1,84470
13157,Georgia,Jackson County,0.45454545454545453,0.0,0.45454545454545453,6304,65385,11.3,67885
13169,Georgia,Jones County,0.3333333333333333,0.16666666666666666,0.3333333333333333,3233,56020,14.0,28579
13215,Georgia,Muscogee County,1.0,0.20754716981132076,0.41509433962264153,39219,46408,20.7,195739
13259,Georgia,Stewart County,0.0,0.5,1.0,1262,29732,34.5,6293
13287,Georgia,Turner County,0.5,0.5,0.5,2416,37039,33.6,7943
13003,Georgia,Atkinson County,0.0,0.3333333333333333,0.3333333333333333,1813,37197,30.3,8239
13007,Georgia,Baker County,0.0,1.0,0.0,810,32917,22.9,3132
13043,Georgia,Candler County,0.0,0.0,0.6666666666666666,2741,33736,30.8,10812
13045,Georgia,Carroll County,0.6470588235294118,0.29411764705882354,0.5294117647058824,17318,53737,17.3,117183
13081,Georgia,Crisp County,0.16666666666666666,0.16666666666666666,0.3333333333333333,6356,36042,31.9,22713
13067,Georgia,Cobb County,1.0,0.1,0.14166666666666666,49845,77932,9.1,751218
13083,Georgia,Dade County,0.0,0.0,0.25,1581,42581,13.7,16197
13027,Georgia,Brooks County,0.2,0.4,0.0,3369,38285,22.7,15590
13105,Georgia,Elbert County,0.2,0.4,0.8,3916,38678,21.3,19166
13165,Georgia,Jenkins County,0.0,0.0,0.5,2110,27375,30.5,8793
13217,Georgia,Newton County,0.6153846153846154,0.6153846153846154,0.46153846153846156,19586,56316,15.5,108079
13071,Georgia,Colquitt County,0.4,0.4,0.4,10114,36435,24.9,45486
13063,Georgia,Clayton County,0.9591836734693877,0.4489795918367347,0.3469387755102041,65209,47864,18.6,283538
13139,Georgia,Hall County,0.5833333333333334,0.1111111111111111,0.1388888888888889,17920,62984,13.9,198667
15009,Hawaii,Maui County,0.7647058823529411,0.08823529411764706,0.08823529411764706,17546,80948,9.3,165979
17167,Illinois,Sangamon County,0.8301886792452831,0.09433962264150944,0.2830188679245283,33441,61912,14.5,196861
17157,Illinois,Randolph County,0.3333333333333333,0.1111111111111111,0.2222222222222222,5681,53816,12.7,32295
17141,Illinois,Ogle County,0.36363636363636365,0.18181818181818182,0.18181818181818182,8996,60986,9.5,51025
17137,Illinois,Morgan County,0.6,0.5,0.3,7252,51437,14.2,34247
17193,Illinois,White County,0.4,0.0,0.2,  ,49290,14.0,13868
17113,Illinois,McLean County,0.7804878048780488,0.1951219512195122,0.24390243902439024,24273,67675,14.9,172578
17161,Illinois,Rock Island County,0.875,0.25,0.275,23921,54858,14.0,143873
17185,Illinois,Wabash County,0.75,0.25,0.0,4566,50770,12.0,11546
17085,Illinois,Jo Daviess County,0.16666666666666666,0.16666666666666666,0.0,  ,57946,8.5,21588
17101,Illinois,Lawrence County,0.6,0.2,0.0,  ,46636,16.2,16033
17123,Illinois,Marshall County,0.0,0.0,0.0,  ,58465,10.6,11679
17021,Illinois,Christian County,0.5,0.0,0.1,5855,52834,12.3,32931
17077,Illinois,Jackson County,0.6428571428571429,0.5,0.7142857142857143,14246,37241,26.5,57977
17143,Illinois,Peoria County,0.8125,0.3333333333333333,0.5,39318,55842,15.6,182770
17005,Illinois,Bond County,0.25,0.25,0.25,  ,57289,14.2,16589
17015,Illinois,Carroll County,0.16666666666666666,0.16666666666666666,0.0,0,52410,10.7,14466
17083,Illinois,Jersey County,0.16666666666666666,0.0,0.16666666666666666,5721,63028,9.9,21937
24027,Maryland,Howard County,0.9090909090909091,0.03636363636363636,0.10909090909090909,16582,121160,5.0,318855
24033,Maryland,Prince George's County,0.9587155963302753,0.11467889908256881,0.18807339449541285,81343,84920,8.5,908670
24003,Maryland,Anne Arundel County,0.9326923076923077,0.09615384615384616,0.11538461538461539,34401,100798,5.8,571275
24005,Maryland,Baltimore County,0.9289099526066351,0.10900473933649289,0.16587677725118483,90855,76866,9.0,828018
24021,Maryland,Frederick County,0.639344262295082,0.08196721311475409,0.08196721311475409,16103,97730,6.8,251422
24009,Maryland,Calvert County,0.5,0.05555555555555555,0.1111111111111111,5933,109313,4.6,91511
24023,Maryland,Garrett County,0.14285714285714285,0.14285714285714285,0.42857142857142855,3859,52617,10.4,29235
24029,Maryland,Kent County,0.2,0.0,0.2,2596,58598,11.5,19536
24031,Maryland,Montgomery County,0.9720930232558139,0.013953488372093023,0.08837209302325581,56778,108820,6.8,1043530
19125,Iowa,Marion County,0.375,0.0,0.25,2431,61038,7.8,33172
19183,Iowa,Washington County,0.4,0.2,0.0,1745,62556,9.9,22100
19197,Iowa,Wright County,0.4,0.2,0.2,1385,53333,11.7,12739
19029,Iowa,Cass County,0.4,0.0,0.0,1639,50187,13.8,13091
19035,Iowa,Cherokee County,0.25,0.0,0.25,860,56550,11.1,11343
19047,Iowa,Crawford County,0.2,0.2,0.0,1684,55755,17.7,17034
19057,Iowa,Des Moines County,0.7272727272727273,0.09090909090909091,0.2727272727272727,6794,51267,16.1,39386
19065,Iowa,Fayette County,0.2857142857142857,0.0,0.14285714285714285,2316,51128,11.4,19803
19085,Iowa,Harrison County,0.2,0.2,0.2,1391,63854,9.8,14089
19109,Iowa,Kossuth County,0.3333333333333333,0.0,0.0,984,56073,10.9,14978
19129,Iowa,Mills County,0.4,0.0,0.0,1311,72079,8.3,15034
19133,Iowa,Monona County,0.25,0.0,0.0,1018,47605,14.6,8730
19139,Iowa,Muscatine County,0.6,0.2,0.0,5562,58453,9.6,42889
19143,Iowa,Osceola County,0.5,0.0,0.0,361,59725,12.5,6052
19153,Iowa,Polk County,0.9381443298969072,0.09278350515463918,0.13402061855670103,62513,67637,10.4,479612
19187,Iowa,Webster County,0.5833333333333334,0.16666666666666666,0.25,5237,47466,13.7,36545
19169,Iowa,Story County,0.75,0.2,0.25,4645,56756,20.9,96941
19193,Iowa,Woodbury County,0.8,0.12,0.16,15164,59224,12.7,102586
19013,Iowa,Black Hawk County,0.8157894736842105,0.2631578947368421,0.13157894736842105,16982,53539,15.8,132393
19075,Iowa,Grundy County,0.0,0.0,0.0,598,68038,5.6,12299
19105,Iowa,Jones County,0.4,0.2,0.0,1491,57549,9.0,20559
19131,Iowa,Mitchell County,0.3333333333333333,0.0,0.3333333333333333,599,58302,6.9,10608
19137,Iowa,Montgomery County,0.5,0.0,0.0,1517,51696,12.0,10053
19161,Iowa,Sac County,0.0,0.0,0.0,720,58232,9.9,9802
19149,Iowa,Plymouth County,0.3333333333333333,0.0,0.16666666666666666,1378,67297,9.1,25068
19019,Iowa,Buchanan County,0.16666666666666666,0.0,0.3333333333333333,1361,64837,8.7,21118
19045,Iowa,Clinton County,0.6666666666666666,0.16666666666666666,0.4166666666666667,6766,51688,13.1,46909
19053,Iowa,Decatur County,0.0,0.0,0.3333333333333333,966,44462,18.4,7979
19101,Iowa,Jefferson County,0.5,0.0,0.5,1922,47708,12.1,18148
19005,Iowa,Allamakee County,0.2,0.0,0.0,1205,52216,11.0,13813
19113,Iowa,Linn County,0.8444444444444444,0.08888888888888889,0.28888888888888886,25272,64903,10.2,223861
19049,Iowa,Dallas County,0.5333333333333333,0.06666666666666667,0.06666666666666667,3427,88479,5.2,87099
19141,Iowa,O'Brien County,0.25,0.0,0.25,967,53703,10.7,13835
20187,Kansas,Stanton County,0.0,0.0,0.0,62,52054,18.3,2052
20119,Kansas,Meade County,0.0,0.0,0.0,187,59316,6.5,4180
20125,Kansas,Montgomery County,0.46153846153846156,0.23076923076923078,0.07692307692307693,4023,45157,18.7,32521
20151,Kansas,Pratt County,0.6666666666666666,0.3333333333333333,0.0,417,52327,11.7,9452
20153,Kansas,Rawlins County,0.0,0.0,0.0,121,53207,11.0,2502
20003,Kansas,Anderson County,0.0,0.0,0.5,547,50213,15.0,7835
20053,Kansas,Ellsworth County,0.0,0.0,0.5,228,54902,9.3,6231
20061,Kansas,Geary County,0.75,0.625,0.25,2751,53133,13.0,34025
20057,Kansas,Ford County,0.5714285714285714,0.2857142857142857,0.14285714285714285,2454,51711,14.5,34179
20167,Kansas,Russell County,0.5,0.0,0.0,640,44792,11.1,6948
20117,Kansas,Marshall County,0.25,0.0,0.25,528,51895,8.9,9749
20001,Kansas,Allen County,0.4,0.0,0.0,1269,45333,17.7,12556
20023,Kansas,Cheyenne County,0.0,0.0,0.0,69,47639,9.4,2665
20035,Kansas,Cowley County,0.7272727272727273,0.2727272727272727,0.09090909090909091,4296,50102,14.1,35351
20049,Kansas,Elk County,0.0,1.0,0.0,298,38750,18.0,2523
20059,Kansas,Franklin County,0.6,0.2,0.4,1954,56582,9.8,25558
20083,Kansas,Hodgeman County,0.0,0.0,0.0,68,61211,11.2,1876
20089,Kansas,Jewell County,0.0,0.5,0.0,159,40676,17.7,2885
20159,Kansas,Rice County,0.3333333333333333,0.3333333333333333,0.0,703,53012,14.2,9658
20185,Kansas,Stafford County,0.0,0.0,0.0,292,49375,12.5,4181
20139,Kansas,Osage County,0.2,0.0,0.0,1183,54090,14.3,15881
20031,Kansas,Coffey County,0.3333333333333333,0.0,0.0,600,59583,12.4,8254
20037,Kansas,Crawford County,0.5454545454545454,0.2727272727272727,0.2727272727272727,4651,41004,20.3,38968
20073,Kansas,Greenwood County,0.3333333333333333,0.0,0.0,640,41982,13.3,6081
24017,Maryland,Charles County,0.6333333333333333,0.1,0.1,14744,100003,6.3,159428
24013,Maryland,Carroll County,0.5263157894736842,0.02631578947368421,0.15789473684210525,9245,96769,5.2,167699
24035,Maryland,Queen Anne's County,0.2727272727272727,0.0,0.2727272727272727,3388,97034,5.7,49632
24037,Maryland,St. Mary's County,0.4117647058823529,0.11764705882352941,0.35294117647058826,11410,89845,8.1,112290
24019,Maryland,Dorchester County,0.3333333333333333,0.5555555555555556,0.4444444444444444,7604,52917,15.8,32138
24043,Maryland,Washington County,0.78125,0.125,0.4375,21926,60860,12.2,150109
24045,Maryland,Wicomico County,0.6842105263157895,0.2631578947368421,0.3684210526315789,17726,56956,15.4,102539
24015,Maryland,Cecil County,0.3684210526315789,0.2631578947368421,0.3157894736842105,12827,76887,9.8,102552
24011,Maryland,Caroline County,0.2222222222222222,0.2222222222222222,0.3333333333333333,5992,58638,13.9,33049
26033,Michigan,Chippewa County,0.3333333333333333,0.25,0.08333333333333333,6370,46486,18.4,37629
26115,Michigan,Monroe County,0.4473684210526316,0.0,0.15789473684210525,25325,62203,11.1,149727
26125,Michigan,Oakland County,0.9406528189910979,0.026706231454005934,0.11869436201780416,142575,79698,8.2,1253185
26059,Michigan,Hillsdale County,0.16666666666666666,0.16666666666666666,0.25,9592,49622,16.2,45757
26121,Michigan,Muskegon County,0.7380952380952381,0.38095238095238093,0.3333333333333333,57620,50854,15.5,173297
26089,Michigan,Leelanau County,0.0,0.0,0.0,1192,65249,6.1,21652
26087,Michigan,Lapeer County,0.25,0.125,0.125,13334,62641,10.1,88038
26151,Michigan,Sanilac County,0.16666666666666666,0.25,0.16666666666666666,8738,47672,15.1,41295
26083,Michigan,Keweenaw County,0.0,0.0,0.0,244,50292,10.6,2111
26131,Michigan,Ontonagon County,0.0,0.6666666666666666,0.3333333333333333,1120,41546,13.7,5877
26139,Michigan,Ottawa County,0.6981132075471698,0.03773584905660377,0.1509433962264151,21693,69314,8.5,286558
26001,Michigan,Alcona County,0.0,0.0,0.0,2164,40484,17.0,10353
26067,Michigan,Ionia County,0.46153846153846156,0.07692307692307693,0.3076923076923077,11030,57043,11.8,64300
26079,Michigan,Kalkaska County,0.0,0.0,0.2,3798,46898,16.7,17585
26021,Michigan,Berrien County,0.6041666666666666,0.20833333333333334,0.25,35240,50795,16.1,154133
26129,Michigan,Ogemaw County,0.0,0.0,0.14285714285714285,6737,40373,17.1,20898
26165,Michigan,Wexford County,0.5,0.375,0.25,8858,47193,14.2,33256
26039,Michigan,Crawford County,0.0,0.0,0.2,3407,47977,16.3,13892
26043,Michigan,Dickinson County,0.42857142857142855,0.2857142857142857,0.42857142857142855,3946,51645,11.7,25439
26063,Michigan,Huron County,0.08333333333333333,0.16666666666666666,0.16666666666666666,5667,48289,13.0,31349
26065,Michigan,Ingham County,0.8875,0.3125,0.4125,1148,52872,19.6,290587
26065,Michigan,Ingham County,0.8875,0.3125,0.4125,64256,52872,19.6,290587
26105,Michigan,Mason County,0.375,0.125,0.0,6271,51725,15.0,28954
26109,Michigan,Menominee County,0.2857142857142857,0.14285714285714285,0.42857142857142855,3843,46828,12.8,23074
26113,Michigan,Missaukee County,0.0,0.25,0.0,3178,47194,14.2,15028
26149,Michigan,St. Joseph County,0.5294117647058824,0.17647058823529413,0.23529411764705882,12178,52086,14.8,60836
26159,Michigan,Van Buren County,0.2,0.06666666666666667,0.26666666666666666,20025,54485,14.9,75358
26011,Michigan,Arenac County,0.0,0.0,0.0,3824,42290,17.1,15070
26015,Michigan,Barry County,0.0,0.0,0.18181818181818182,7902,64490,7.7,60540
26071,Michigan,Iron County,0.2,0.2,0.2,2504,41599,13.1,11152
26019,Michigan,Benzie County,0.0,0.0,0.0,2578,57974,9.5,17615
26153,Michigan,Schoolcraft County,0.3333333333333333,0.3333333333333333,0.3333333333333333,1996,45500,16.7,8048
26163,Michigan,Wayne County,0.9933993399339934,0.0891089108910891,0.2953795379537954,768759,47301,22.3,1757299
26055,Michigan,Grand Traverse County,0.5,0.0625,0.1875,9547,63575,9.6,92181
26097,Michigan,Mackinac County,0.0,0.4,0.4,1510,47938,16.4,10780
26049,Michigan,Genesee County,0.8076923076923077,0.23846153846153847,0.2846153846153846,142002,48588,18.9,407875
20065,Kansas,Graham County,0.0,0.5,0.0,150,46375,9.8,2519
20099,Kansas,Labette County,0.375,0.125,0.0,2338,47643,18.4,20119
20173,Kansas,Sedgwick County,0.8951612903225806,0.22580645161290322,0.25,52893,56524,13.7,513375
20157,Kansas,Republic County,0.0,0.0,0.0,207,47976,10.8,4658
20045,Kansas,Douglas County,0.8636363636363636,0.22727272727272727,0.2727272727272727,5165,59435,18.0,120290
20179,Kansas,Sheridan County,0.0,0.0,0.0,57,62885,5.3,2506
20069,Kansas,Gray County,0.0,0.0,0.0,162,64930,5.7,6039
46121,South Dakota,Todd County,0.0,1.0,1.0,4988,24331,55.5,10195
54089,West Virginia,Summers County,0.25,0.25,0.25,3167,38187,21.7,12848
54025,West Virginia,Greenbrier County,0.2857142857142857,0.14285714285714285,0.7142857142857143,6120,40200,16.0,35155
54057,West Virginia,Mineral County,0.2857142857142857,0.14285714285714285,0.42857142857142855,3765,49936,13.8,27167
54041,West Virginia,Lewis County,0.2,0.2,0.4,3337,39908,21.1,16166
54075,West Virginia,Pocahontas County,0.0,0.5,0.25,1475,41882,16.6,8450
54083,West Virginia,Randolph County,0.14285714285714285,0.14285714285714285,0.5714285714285714,5156,43320,18.5,28930
54105,West Virginia,Wirt County,0.0,0.0,0.0,1253,46048,16.2,5798
54015,West Virginia,Clay County,0.0,0.3333333333333333,0.3333333333333333,2745,35024,27.5,8709
54061,West Virginia,Monongalia County,0.7083333333333334,0.16666666666666666,0.3333333333333333,8020,52455,20.8,105474
54103,West Virginia,Wetzel County,0.4,0.6,0.2,2920,43107,22.1,15436
54039,West Virginia,Kanawha County,0.6981132075471698,0.1509433962264151,0.39622641509433965,28930,46639,17.2,183279
54077,West Virginia,Preston County,0.125,0.375,0.25,5351,51888,15.4,33683
54085,West Virginia,Ritchie County,0.0,0.0,0.0,1827,43577,18.3,9844
54043,West Virginia,Lincoln County,0.0,0.0,1.0,5774,42345,22.8,20850
54007,West Virginia,Braxton County,0.0,0.3333333333333333,1.0,2868,41466,22.0,14190
54005,West Virginia,Boone County,0.0,0.0,0.75,5546,40739,23.1,22368
54109,West Virginia,Wyoming County,0.0,0.0,1.0,5027,42332,22.4,21281
55033,Wisconsin,Dunn County,0.375,0.0,0.125,3763,58783,11.8,44759
55043,Wisconsin,Grant County,0.3333333333333333,0.25,0.08333333333333333,3890,54800,15.2,51733
55117,Wisconsin,Sheboygan County,0.5384615384615384,0.0,0.15384615384615385,10104,60696,7.2,115178
55078,Wisconsin,Menominee County,0.0,0.5,0.0,1415,40921,35.3,4558
55011,Wisconsin,Buffalo County,0.0,0.0,0.0,926,57829,9.4,13126
55063,Wisconsin,La Crosse County,0.76,0.08,0.16,9527,57882,12.9,117894
55073,Wisconsin,Marathon County,0.5185185185185185,0.1111111111111111,0.18518518518518517,10659,62633,9.2,135396
55121,Wisconsin,Trempealeau County,0.125,0.0,0.125,2181,58548,7.8,29499
55027,Wisconsin,Dodge County,0.45,0.0,0.1,6558,60652,8.3,87715
55125,Wisconsin,Vilas County,0.0,0.0,0.0,1699,47072,12.7,21751
55071,Wisconsin,Manitowoc County,0.6842105263157895,0.21052631578947367,0.2631578947368421,6408,56612,10.0,79185
55013,Wisconsin,Burnett County,0.0,0.16666666666666666,0.0,2074,52672,12.4,15289
55029,Wisconsin,Door County,0.2222222222222222,0.0,0.2222222222222222,1833,61560,7.6,27472
55039,Wisconsin,Fond du Lac County,0.65,0.15,0.3,8134,62391,8.4,102597
55091,Wisconsin,Pepin County,0.0,0.0,0.5,555,54583,10.5,7265
55103,Wisconsin,Richland County,0.4,0.4,0.2,2060,51947,14.1,17459
55137,Wisconsin,Waushara County,0.14285714285714285,0.14285714285714285,0.42857142857142855,2376,52810,11.2,24193
55065,Wisconsin,Lafayette County,0.0,0.0,0.0,1275,60691,11.2,16715
55093,Wisconsin,Pierce County,0.375,0.25,0.125,1915,72323,9.3,41977
55015,Wisconsin,Calumet County,0.5454545454545454,0.2727272727272727,0.18181818181818182,1970,75814,5.8,49928
55059,Wisconsin,Kenosha County,0.8,0.22857142857142856,0.3142857142857143,20674,63733,12.3,168524
20199,Kansas,Wallace County,0.0,0.0,0.0,66,63269,9.4,1574
20017,Kansas,Chase County,0.0,0.0,0.0,147,45353,11.8,2637
20189,Kansas,Stevens County,0.5,0.5,0.0,205,57806,20.0,5603
20183,Kansas,Smith County,0.0,0.0,0.0,165,43429,11.3,3627
20067,Kansas,Grant County,0.5,0.0,0.0,476,53413,11.5,7467
26009,Michigan,Antrim County,0.0,0.0,0.0,3223,56165,11.0,23206
26061,Michigan,Houghton County,0.4,0.2,0.3,5894,43183,20.2,36070
26093,Michigan,Livingston County,0.4918032786885246,0.01639344262295082,0.03278688524590164,12308,84221,5.2,189754
26069,Michigan,Iosco County,0.2222222222222222,0.2222222222222222,0.2222222222222222,7338,43678,15.2,25197
26085,Michigan,Lake County,0.0,0.0,0.5,4781,37320,21.0,11852
26101,Michigan,Manistee County,0.3333333333333333,0.0,0.0,5258,50055,11.5,24457
20131,Kansas,Nemaha County,0.3333333333333333,0.0,0.0,336,63216,8.8,10121
20085,Kansas,Jackson County,0.3333333333333333,0.3333333333333333,0.0,745,57914,11.7,13266
20095,Kansas,Kingman County,0.3333333333333333,0.0,0.0,364,60469,7.6,7340
20109,Kansas,Logan County,0.0,0.0,0.0,121,51740,8.1,2805
20149,Kansas,Pottawatomie County,0.0,0.0,0.0,890,66835,8.1,23847
20209,Kansas,Wyandotte County,0.9104477611940298,0.373134328358209,0.1791044776119403,21223,46881,19.2,164861
20021,Kansas,Cherokee County,0.6666666666666666,0.5,0.3333333333333333,2338,43175,13.1,20179
20015,Kansas,Butler County,0.5384615384615384,0.07692307692307693,0.23076923076923078,4059,64782,9.5,66698
20027,Kansas,Clay County,0.5,0.0,0.0,448,53929,8.1,8082
20105,Kansas,Lincoln County,0.0,0.0,0.0,189,45076,9.2,3044
20169,Kansas,Saline County,0.8333333333333334,0.16666666666666666,0.25,4817,52200,11.5,54701
20191,Kansas,Sumner County,0.3333333333333333,0.0,0.16666666666666666,1908,55000,11.8,23114
20195,Kansas,Trego County,0.0,0.0,0.0,123,57966,6.9,2840
20197,Kansas,Wabaunsee County,0.0,0.0,0.0,250,61178,4.9,6889
20205,Kansas,Wilson County,0.25,0.0,0.0,870,48341,14.1,8688
20123,Kansas,Mitchell County,0.5,0.0,0.0,285,46203,14.8,6145
20141,Kansas,Osborne County,0.0,0.0,0.0,200,51286,14.8,3530
20005,Kansas,Atchison County,0.75,0.25,0.25,1448,50439,15.2,16268
20055,Kansas,Finney County,0.8333333333333334,0.16666666666666666,0.08333333333333333,2865,60798,12.3,36750
20075,Kansas,Hamilton County,0.0,0.0,0.0,158,46944,10.5,2591
20103,Kansas,Leavenworth County,0.625,0.1875,0.3125,3523,73013,8.5,80745
20201,Kansas,Washington County,0.0,0.5,0.0,185,50588,10.9,5493
20203,Kansas,Wichita County,0.0,0.0,0.0,104,57978,3.3,2130
20129,Kansas,Morton County,0.0,1.0,0.0,139,47750,10.2,2754
20137,Kansas,Norton County,0.0,0.0,0.0,216,49038,12.4,5446
20009,Kansas,Barton County,0.75,0.125,0.125,2167,49723,15.4,26453
20029,Kansas,Cloud County,0.5,0.25,0.0,680,45373,11.4,8938
20047,Kansas,Edwards County,0.0,0.0,0.0,278,50902,10.0,2869
20101,Kansas,Lane County,0.0,0.0,0.0,57,52125,12.0,1564
20165,Kansas,Rush County,0.0,0.0,0.0,228,47981,10.3,3022
20115,Kansas,Marion County,0.0,0.25,0.25,621,52123,8.7,11964
20133,Kansas,Neosho County,0.6,0.2,0.4,1640,46291,18.8,16108
20143,Kansas,Ottawa County,0.0,0.0,0.0,286,54784,9.9,5822
20161,Kansas,Riley County,0.8461538461538461,0.38461538461538464,0.46153846153846156,2678,51208,22.4,75056
20007,Kansas,Barber County,0.0,0.0,0.0,251,50174,16.4,4624
20041,Kansas,Dickinson County,0.3333333333333333,0.0,0.16666666666666666,1293,49991,11.9,18828
20087,Kansas,Jefferson County,0.0,0.0,0.0,768,64864,7.5,18890
21089,Kentucky,Greenup County,0.5555555555555556,0.1111111111111111,0.0,4569,51655,16.9,35555
21069,Kentucky,Fleming County,0.0,0.25,0.25,2253,44612,19.9,14513
21043,Kentucky,Carter County,0.14285714285714285,0.14285714285714285,0.14285714285714285,4617,34736,25.3,27159
21081,Kentucky,Grant County,0.0,0.25,0.5,2958,48714,16.4,24951
21111,Kentucky,Jefferson County,0.9842105263157894,0.12631578947368421,0.32105263157894737,81883,56586,14.2,767419
21141,Kentucky,Logan County,0.0,0.0,0.6666666666666666,3100,48014,17.0,26902
21161,Kentucky,Mason County,0.4,0.0,0.4,2940,45377,17.8,17112
21191,Kentucky,Pendleton County,0.0,0.0,0.0,1673,54375,17.8,14572
21201,Kentucky,Robertson County,0.0,1.0,0.0,351,41902,27.1,2123
21215,Kentucky,Spencer County,0.0,0.0,0.0,923,80166,9.7,18680
21011,Kentucky,Bath County,0.0,0.0,0.3333333333333333,2380,44898,20.4,12355
21007,Kentucky,Ballard County,0.0,0.0,0.3333333333333333,932,45048,15.4,8032
21021,Kentucky,Boyle County,0.42857142857142855,0.14285714285714285,0.42857142857142855,3303,46382,14.2,29972
21087,Kentucky,Green County,0.0,0.0,0.25,1497,35899,18.0,10979
21095,Kentucky,Harlan County,0.18181818181818182,0.09090909090909091,0.5454545454545454,8856,26478,36.0,26699
21159,Kentucky,Martin County,0.0,0.0,0.6666666666666666,2967,41013,20.0,11648
21137,Kentucky,Lincoln County,0.0,0.3333333333333333,0.3333333333333333,4034,42919,21.3,24476
21171,Kentucky,Monroe County,0.0,0.0,0.25,1942,34879,23.8,10627
21183,Kentucky,Ohio County,0.0,0.14285714285714285,0.14285714285714285,3351,45564,18.9,24071
21225,Kentucky,Union County,0.25,0.25,0.25,1582,46673,20.4,14638
21233,Kentucky,Webster County,0.0,0.0,0.25,1646,42119,23.0,13068
48249,Texas,Jim Wells County,0.7142857142857143,0.5714285714285714,0.5714285714285714,9454,41505,23.2,40972
48111,Texas,Dallam County,0.5,0.0,0.0,568,58811,12.3,7304
26077,Michigan,Kalamazoo County,0.8070175438596491,0.17543859649122806,0.3333333333333333,52012,56511,14.9,262745
26119,Michigan,Montmorency County,0.0,0.0,0.0,1802,41772,16.6,9265
26141,Michigan,Presque Isle County,0.16666666666666666,0.0,0.0,2347,47948,13.1,12714
26051,Michigan,Gladwin County,0.1111111111111111,0.3333333333333333,0.3333333333333333,6657,44619,16.9,25279
26107,Michigan,Mecosta County,0.2727272727272727,0.2727272727272727,0.36363636363636365,8603,45018,21.2,43251
26103,Michigan,Marquette County,0.5416666666666666,0.08333333333333333,0.125,10608,53970,15.6,66686
26123,Michigan,Newaygo County,0.09090909090909091,0.09090909090909091,0.09090909090909091,13057,50326,16.6,48366
26133,Michigan,Osceola County,0.0,0.0,0.6666666666666666,5345,44032,17.9,23290
26137,Michigan,Otsego County,0.5,0.0,0.16666666666666666,5426,54332,13.7,24490
26025,Michigan,Calhoun County,0.6923076923076923,0.358974358974359,0.358974358974359,37169,48607,16.4,134212
26031,Michigan,Cheboygan County,0.125,0.25,0.0,5701,48044,14.9,25418
26095,Michigan,Luce County,0.5,0.5,0.0,1421,45469,17.0,6338
26081,Michigan,Kent County,0.859375,0.0390625,0.2578125,113412,63053,11.7,648121
26145,Michigan,Saginaw County,0.6428571428571429,0.2857142857142857,0.39285714285714285,62301,48000,18.0,191821
26155,Michigan,Shiawassee County,0.5882352941176471,0.23529411764705882,0.29411764705882354,13817,56032,10.3,68340
26017,Michigan,Bay County,0.6153846153846154,0.19230769230769232,0.38461538461538464,26690,48819,15.8,104104
26029,Michigan,Charlevoix County,0.15384615384615385,0.0,0.0,2726,55760,10.1,26188
26041,Michigan,Delta County,0.45454545454545453,0.18181818181818182,0.2727272727272727,7896,47434,12.9,36026
26047,Michigan,Emmet County,0.375,0.125,0.0,3331,55829,9.1,33104
27071,Minnesota,Koochiching County,0.5,0.75,0.0,1284,50870,13.6,12515
27071,Minnesota,Koochiching County,0.5,0.75,0.0,15,50870,13.6,12515
27097,Minnesota,Morrison County,0.25,0.375,0.125,2442,57815,10.2,33064
27097,Minnesota,Morrison County,0.25,0.375,0.125,18,57815,10.2,33064
27113,Minnesota,Pennington County,0.4,0.2,0.2,979,60122,11.0,14183
27113,Minnesota,Pennington County,0.4,0.2,0.2,11,60122,11.0,14183
27147,Minnesota,Steele County,0.625,0.0,0.25,5505,64903,8.9,36683
27147,Minnesota,Steele County,0.625,0.0,0.25,8,64903,8.9,36683
27147,Minnesota,Steele County,0.625,0.0,0.25,0,64903,8.9,36683
27167,Minnesota,Wilkin County,0.5,0.0,0.0,680,60595,9.2,6291
27167,Minnesota,Wilkin County,0.5,0.0,0.0,7,60595,9.2,6291
27001,Minnesota,Aitkin County,0.0,0.6666666666666666,0.16666666666666666,1405,49351,12.2,15834
27001,Minnesota,Aitkin County,0.0,0.6666666666666666,0.16666666666666666,3,49351,12.2,15834
27001,Minnesota,Aitkin County,0.0,0.6666666666666666,0.16666666666666666,0,49351,12.2,15834
27043,Minnesota,Faribault County,0.16666666666666666,0.16666666666666666,0.0,1262,53156,11.5,13801
27043,Minnesota,Faribault County,0.16666666666666666,0.16666666666666666,0.0,5,53156,11.5,13801
27043,Minnesota,Faribault County,0.16666666666666666,0.16666666666666666,0.0,0,53156,11.5,13801
27101,Minnesota,Murray County,0.0,0.0,0.0,423,60231,7.1,8296
27101,Minnesota,Murray County,0.0,0.0,0.0,3,60231,7.1,8296
27067,Minnesota,Kandiyohi County,0.5,0.16666666666666666,0.25,4220,60294,10.5,42841
27067,Minnesota,Kandiyohi County,0.5,0.16666666666666666,0.25,19,60294,10.5,42841
27075,Minnesota,Lake County,0.3333333333333333,0.0,0.3333333333333333,487,61452,8.7,10560
27075,Minnesota,Lake County,0.3333333333333333,0.0,0.3333333333333333,4,61452,8.7,10560
27075,Minnesota,Lake County,0.3333333333333333,0.0,0.3333333333333333,0,61452,8.7,10560
27133,Minnesota,Rock County,0.3333333333333333,0.3333333333333333,0.0,556,63005,9.0,9402
27133,Minnesota,Rock County,0.3333333333333333,0.3333333333333333,0.0,7,63005,9.0,9402
27135,Minnesota,Roseau County,0.2,0.2,0.0,813,62202,8.1,15361
27135,Minnesota,Roseau County,0.2,0.2,0.0,15,62202,8.1,15361
27155,Minnesota,Traverse County,0.0,0.0,0.0,438,51957,9.9,3311
27155,Minnesota,Traverse County,0.0,0.0,0.0,0,51957,9.9,3311
27005,Minnesota,Becker County,0.2,0.5,0.3,2115,60284,11.0,34011
27005,Minnesota,Becker County,0.2,0.5,0.3,13,60284,11.0,34011
27005,Minnesota,Becker County,0.2,0.5,0.3,0,60284,11.0,34011
27053,Minnesota,Hennepin County,0.979933110367893,0.06020066889632107,0.18729096989966554,89582,78167,10.4,1245837
27053,Minnesota,Hennepin County,0.979933110367893,0.06020066889632107,0.18729096989966554,287,78167,10.4,1245837
27053,Minnesota,Hennepin County,0.979933110367893,0.06020066889632107,0.18729096989966554,21063,78167,10.4,1245837
27015,Minnesota,Brown County,0.625,0.125,0.0,1382,61120,6.9,25163
27015,Minnesota,Brown County,0.625,0.125,0.0,7,61120,6.9,25163
27015,Minnesota,Brown County,0.625,0.125,0.0,0,61120,6.9,25163
27023,Minnesota,Chippewa County,0.25,0.25,0.25,923,55269,9.3,11953
27023,Minnesota,Chippewa County,0.25,0.25,0.25,3,55269,9.3,11953
27023,Minnesota,Chippewa County,0.25,0.25,0.25,0,55269,9.3,11953
27029,Minnesota,Clearwater County,0.0,0.6666666666666666,0.3333333333333333,702,50386,14.6,8821
27029,Minnesota,Clearwater County,0.0,0.6666666666666666,0.3333333333333333,1,50386,14.6,8821
27049,Minnesota,Goodhue County,0.3,0.1,0.2,2045,66800,9.3,46246
27049,Minnesota,Goodhue County,0.3,0.1,0.2,21,66800,9.3,46246
27059,Minnesota,Isanti County,0.375,0.25,0.125,2222,74616,7.3,39430
27059,Minnesota,Isanti County,0.375,0.25,0.125,19,74616,7.3,39430
27059,Minnesota,Isanti County,0.375,0.25,0.125,0,74616,7.3,39430
27063,Minnesota,Jackson County,0.25,0.25,0.0,511,58727,7.9,9954
27063,Minnesota,Jackson County,0.25,0.25,0.0,8,58727,7.9,9954
27099,Minnesota,Mower County,0.6363636363636364,0.18181818181818182,0.09090909090909091,4103,54295,13.5,39807
27099,Minnesota,Mower County,0.6363636363636364,0.18181818181818182,0.09090909090909091,17,54295,13.5,39807
27099,Minnesota,Mower County,0.6363636363636364,0.18181818181818182,0.09090909090909091,0,54295,13.5,39807
27115,Minnesota,Pine County,0.125,0.5,0.0,2805,53422,11.0,29223
27115,Minnesota,Pine County,0.125,0.5,0.0,11,53422,11.0,29223
27115,Minnesota,Pine County,0.125,0.5,0.0,0,53422,11.0,29223
27109,Minnesota,Olmsted County,0.7575757575757576,0.06060606060606061,0.18181818181818182,10925,76951,8.4,154809
27109,Minnesota,Olmsted County,0.7575757575757576,0.06060606060606061,0.18181818181818182,58,76951,8.4,154809
27109,Minnesota,Olmsted County,0.7575757575757576,0.06060606060606061,0.18181818181818182,0,76951,8.4,154809
27159,Minnesota,Wadena County,0.0,0.3333333333333333,0.0,1480,46605,14.3,13654
27159,Minnesota,Wadena County,0.0,0.3333333333333333,0.0,12,46605,14.3,13654
27159,Minnesota,Wadena County,0.0,0.3333333333333333,0.0,0,46605,14.3,13654
27009,Minnesota,Benton County,0.5555555555555556,0.3333333333333333,0.4444444444444444,3444,57715,10.3,40129
27009,Minnesota,Benton County,0.5555555555555556,0.3333333333333333,0.4444444444444444,12,57715,10.3,40129
27009,Minnesota,Benton County,0.5555555555555556,0.3333333333333333,0.4444444444444444,0,57715,10.3,40129
27047,Minnesota,Freeborn County,0.4,0.2,0.3,3018,53631,11.0,30463
27047,Minnesota,Freeborn County,0.4,0.2,0.3,4,53631,11.0,30463
27047,Minnesota,Freeborn County,0.4,0.2,0.3,0,53631,11.0,30463
27061,Minnesota,Itasca County,0.18181818181818182,0.36363636363636365,0.18181818181818182,4419,55139,12.2,45141
27061,Minnesota,Itasca County,0.18181818181818182,0.36363636363636365,0.18181818181818182,19,55139,12.2,45141
27061,Minnesota,Itasca County,0.18181818181818182,0.36363636363636365,0.18181818181818182,0,55139,12.2,45141
27121,Minnesota,Pope County,0.0,0.25,0.0,673,61275,7.2,11048
27121,Minnesota,Pope County,0.0,0.25,0.0,9,61275,7.2,11048
27149,Minnesota,Stevens County,0.0,0.0,0.0,560,60559,12.4,9789
27149,Minnesota,Stevens County,0.0,0.0,0.0,10,60559,12.4,9789
27151,Minnesota,Swift County,0.25,0.25,0.0,784,51620,12.5,9359
27151,Minnesota,Swift County,0.25,0.25,0.0,3,51620,12.5,9359
27033,Minnesota,Cottonwood County,0.0,0.25,0.0,952,52087,11.0,11299
27033,Minnesota,Cottonwood County,0.0,0.25,0.0,10,52087,11.0,11299
27139,Minnesota,Scott County,0.7619047619047619,0.047619047619047616,0.3333333333333333,5003,102152,5.5,145275
27139,Minnesota,Scott County,0.7619047619047619,0.047619047619047616,0.3333333333333333,9,102152,5.5,145275
27139,Minnesota,Scott County,0.7619047619047619,0.047619047619047616,0.3333333333333333,0,102152,5.5,145275
27157,Minnesota,Wabasha County,0.3333333333333333,0.16666666666666666,0.0,894,65226,7.7,21537
27157,Minnesota,Wabasha County,0.3333333333333333,0.16666666666666666,0.0,29,65226,7.7,21537
27157,Minnesota,Wabasha County,0.3333333333333333,0.16666666666666666,0.0,0,65226,7.7,21537
27117,Minnesota,Pipestone County,0.4,0.0,0.0,700,52917,11.7,9191
27117,Minnesota,Pipestone County,0.4,0.0,0.0,14,52917,11.7,9191
27107,Minnesota,Norman County,0.0,0.3333333333333333,0.0,600,55085,8.8,6520
27107,Minnesota,Norman County,0.0,0.3333333333333333,0.0,12,55085,8.8,6520
27103,Minnesota,Nicollet County,0.7142857142857143,0.2857142857142857,0.42857142857142855,2005,67399,9.9,33954
27103,Minnesota,Nicollet County,0.7142857142857143,0.2857142857142857,0.42857142857142855,12,67399,9.9,33954
27103,Minnesota,Nicollet County,0.7142857142857143,0.2857142857142857,0.42857142857142855,0,67399,9.9,33954
48115,Texas,Dawson County,0.75,0.5,0.25,1966,43239,25.9,12813
48157,Texas,Fort Bend County,0.881578947368421,0.13157894736842105,0.09210526315789473,51267,97743,7.4,765394
48235,Texas,Irion County,0.0,0.0,0.0,65,47500,14.9,1620
48489,Texas,Willacy County,0.6,0.6,0.0,5432,35521,27.0,21588
48051,Texas,Burleson County,0.2,0.2,0.0,2021,57731,11.8,18058
48355,Texas,Nueces County,0.8765432098765432,0.19753086419753085,0.2962962962962963,64447,55919,16.6,361540
48379,Texas,Rains County,0.0,0.0,0.0,1472,51579,12.9,11766
48385,Texas,Real County,0.0,1.0,0.0,459,35862,24.7,3408
48431,Texas,Sterling County,0.0,0.0,0.0,67,59868,2.4,1231
48065,Texas,Carson County,0.0,0.0,0.0,337,74872,8.3,6009
48161,Texas,Freestone County,0.42857142857142855,0.42857142857142855,0.0,2320,49471,18.1,19714
48197,Texas,Hardeman County,0.0,1.0,0.0,489,41859,13.9,3945
48045,Texas,Briscoe County,0.0,1.0,0.0,162,40227,16.3,1457
48291,Texas,Liberty County,0.07142857142857142,0.2857142857142857,0.35714285714285715,12928,51494,14.1,83702
48301,Texas,Loving County,0.0,0.0,0.0,5,83750,15.3,98
48395,Texas,Robertson County,0.2,0.2,0.6,2915,52928,14.0,16990
48401,Texas,Rusk County,0.3076923076923077,0.38461538461538464,0.23076923076923078,6428,55234,11.8,53755
48455,Texas,Trinity County,0.2,0.2,0.4,2565,41357,15.5,14620
48019,Texas,Bandera County,0.0,0.2,0.0,1999,58661,15.7,22215
48075,Texas,Childress County,0.5,0.5,0.5,844,43181,13.9,7253
48091,Texas,Comal County,0.4166666666666667,0.125,0.08333333333333333,9050,79936,7.6,141642
48225,Texas,Houston County,0.2857142857142857,0.7142857142857143,0.14285714285714285,3510,37904,21.8,22954
48349,Texas,Navarro County,0.3,0.2,0.3,7919,48529,17.0,48995
48415,Texas,Scurry County,0.25,0.0,0.5,1895,54326,14.4,17096
48433,Texas,Stonewall County,0.0,0.0,0.0,130,51250,11.9,1476
48021,Texas,Bastrop County,0.3,0.3,0.4,10336,64597,11.2,84522
48025,Texas,Bee County,0.5714285714285714,0.42857142857142855,0.2857142857142857,5528,44578,20.6,32611
48103,Texas,Crane County,1.0,0.0,0.0,346,65969,8.1,4802
51093,Virginia,Isle of Wight County,0.375,0.0,0.125,2916,73991,10.5,36627
51620,Virginia,Franklin city,1.0,1.0,0.5,2185,40417,14.7,8147
51678,Virginia,Lexington city,1.0,0.0,0.0,302,42632,27.4,7241
51089,Virginia,Henry County,0.42857142857142855,0.42857142857142855,0.5,8913,37952,18.1,51308
51101,Virginia,King William County,0.25,0.0,0.0,1209,66987,8.4,16688
51109,Virginia,Louisa County,0.0,0.0,0.3333333333333333,3231,60975,11.8,36040
51147,Virginia,Prince Edward County,0.2,0.4,0.6,2979,47202,18.6,22905
51165,Virginia,Rockingham County,0.15789473684210525,0.15789473684210525,0.3684210526315789,4169,61864,8.8,80284
21035,Kentucky,Calloway County,0.3333333333333333,0.1111111111111111,0.3333333333333333,3050,42273,21.5,38837
21045,Kentucky,Casey County,0.0,0.4,0.2,2993,34819,25.5,15885
21047,Kentucky,Christian County,0.6666666666666666,0.3333333333333333,0.3888888888888889,9193,43919,19.6,71414
21059,Kentucky,Daviess County,0.7391304347826086,0.043478260869565216,0.17391304347826086,10264,51673,16.6,100474
21085,Kentucky,Grayson County,0.0,0.2857142857142857,0.2857142857142857,3872,38612,25.4,26247
21101,Kentucky,Henderson County,0.6363636363636364,0.09090909090909091,0.2727272727272727,5661,48926,18.5,45829
21103,Kentucky,Henry County,0.0,0.0,0.0,1601,53926,18.3,15911
21107,Kentucky,Hopkins County,0.4166666666666667,0.08333333333333333,0.3333333333333333,6176,47170,19.4,45331
21109,Kentucky,Jackson County,0.0,0.3333333333333333,1.0,3300,32138,32.0,13369
21125,Kentucky,Laurel County,0.38461538461538464,0.3076923076923077,0.5384615384615384,11319,41526,23.2,60357
21157,Kentucky,Marshall County,0.16666666666666666,0.0,0.3333333333333333,2922,55113,10.4,31192
21163,Kentucky,Meade County,0.25,0.125,0.125,2466,56603,12.1,28182
21173,Kentucky,Montgomery County,0.16666666666666666,0.16666666666666666,0.5,4298,45516,18.2,27884
21181,Kentucky,Nicholas County,0.0,0.0,0.5,1091,38149,28.0,7153
21185,Kentucky,Oldham County,0.42857142857142855,0.0,0.07142857142857142,1398,99128,5.9,65967
27041,Minnesota,Douglas County,0.2222222222222222,0.1111111111111111,0.2222222222222222,2255,63819,7.6,37513
27041,Minnesota,Douglas County,0.2222222222222222,0.1111111111111111,0.2222222222222222,31,63819,7.6,37513
27041,Minnesota,Douglas County,0.2222222222222222,0.1111111111111111,0.2222222222222222,0,63819,7.6,37513
27051,Minnesota,Grant County,0.0,1.0,0.0,462,55466,9.6,5935
27051,Minnesota,Grant County,0.0,1.0,0.0,4,55466,9.6,5935
27069,Minnesota,Kittson County,0.0,0.5,0.0,250,59643,11.2,4311
27069,Minnesota,Kittson County,0.0,0.5,0.0,9,59643,11.2,4311
27079,Minnesota,Le Sueur County,0.16666666666666666,0.16666666666666666,0.0,1375,71080,8.5,28242
27079,Minnesota,Le Sueur County,0.16666666666666666,0.16666666666666666,0.0,2,71080,8.5,28242
27079,Minnesota,Le Sueur County,0.16666666666666666,0.16666666666666666,0.0,0,71080,8.5,28242
21227,Kentucky,Warren County,0.7083333333333334,0.16666666666666666,0.3333333333333333,14437,52270,16.8,128652
21187,Kentucky,Owen County,0.0,0.0,0.0,1430,48801,19.1,10796
21203,Kentucky,Rockcastle County,0.0,0.0,0.5,3088,35720,20.0,16820
21209,Kentucky,Scott County,0.5,0.14285714285714285,0.07142857142857142,4407,70817,11.6,54667
21003,Kentucky,Allen County,0.16666666666666666,0.0,0.16666666666666666,2511,44036,18.7,20944
21017,Kentucky,Bourbon County,0.3333333333333333,0.3333333333333333,0.3333333333333333,2874,49637,15.3,20058
21029,Kentucky,Bullitt County,0.7058823529411765,0.058823529411764705,0.11764705882352941,5459,63348,9.0,80171
21055,Kentucky,Crittenden County,0.25,0.0,0.0,845,45244,14.5,9000
21075,Kentucky,Fulton County,0.0,0.0,0.5,1347,30114,28.2,6130
21119,Kentucky,Knott County,0.0,0.0,1.0,4378,31198,31.2,15260
21165,Kentucky,Menifee County,0.0,0.0,0.5,1387,39325,23.7,6443
21177,Kentucky,Muhlenberg County,0.2222222222222222,0.0,0.1111111111111111,4392,43590,15.2,30951
21193,Kentucky,Perry County,0.0,0.0,0.625,8356,33640,26.1,26624
21237,Kentucky,Wolfe County,0.0,0.0,1.0,2286,24623,29.2,7207
21051,Kentucky,Clay County,0.16666666666666666,0.6666666666666666,0.6666666666666666,6904,26840,36.6,20368
21013,Kentucky,Bell County,0.2222222222222222,0.3333333333333333,0.4444444444444444,8211,26272,35.5,26791
21057,Kentucky,Cumberland County,0.0,0.0,0.5,1290,35344,21.4,6697
21083,Kentucky,Graves County,0.2222222222222222,0.2222222222222222,0.1111111111111111,5016,44043,19.6,37248
21129,Kentucky,Lee County,0.0,0.0,0.3333333333333333,2117,25275,34.6,6881
21031,Kentucky,Butler County,0.0,0.2,0.2,2001,41763,19.3,12764
21061,Kentucky,Edmonson County,0.0,0.0,0.25,1583,43401,18.2,12138
21097,Kentucky,Harrison County,0.2,0.2,0.0,2234,48438,17.6,18722
21023,Kentucky,Bracken County,0.0,0.0,0.0,1202,49158,17.8,8305
21179,Kentucky,Nelson County,0.1111111111111111,0.0,0.2222222222222222,3989,60127,9.2,45650
21231,Kentucky,Wayne County,0.2,0.4,0.8,4460,34914,25.3,20546
21155,Kentucky,Marion County,0.16666666666666666,0.16666666666666666,0.3333333333333333,2564,40107,23.0,19244
21221,Kentucky,Trigg County,0.0,0.2,0.2,1303,50536,11.8,14449
21015,Kentucky,Boone County,0.8095238095238095,0.14285714285714285,0.09523809523809523,6397,78327,7.2,130820
21113,Kentucky,Jessamine County,0.6666666666666666,0.1111111111111111,0.2222222222222222,5653,58245,16.9,53032
21121,Kentucky,Knox County,0.25,0.375,0.5,10031,30181,33.2,31365
21133,Kentucky,Letcher County,0.0,0.0,0.42857142857142855,6132,29886,33.6,22295
21139,Kentucky,Livingston County,0.0,0.5,0.5,1038,50839,14.6,9235
21195,Kentucky,Pike County,0.05263157894736842,0.0,0.3157894736842105,12614,34856,24.9,59497
21211,Kentucky,Shelby County,0.2222222222222222,0.0,0.1111111111111111,2839,67056,11.2,47325
21005,Kentucky,Anderson County,0.2,0.0,0.2,1841,55334,15.7,22409
21027,Kentucky,Breckinridge County,0.0,0.0,0.5,2927,47190,18.6,20176
21073,Kentucky,Franklin County,0.7272727272727273,0.18181818181818182,0.2727272727272727,5363,56274,12.4,50529
21147,Kentucky,McCreary County,0.0,0.0,0.5,4565,28105,33.4,17465
21151,Kentucky,Madison County,0.5263157894736842,0.42105263157894735,0.3157894736842105,9910,50060,18.9,90802
21169,Kentucky,Metcalfe County,0.0,0.0,0.0,1867,37386,23.2,10036
21189,Kentucky,Owsley County,0.0,0.0,0.5,1696,30284,30.3,4442
21213,Kentucky,Simpson County,0.25,0.0,0.0,2095,48623,15.6,18183
21049,Kentucky,Clark County,0.5,0.1,0.1,4687,54953,14.7,35971
21219,Kentucky,Todd County,0.0,0.25,0.75,1538,44005,18.7,12316
21041,Kentucky,Carroll County,0.0,0.0,0.3333333333333333,1574,43524,24.1,10671
21053,Kentucky,Clinton County,0.0,0.0,0.6666666666666666,2318,32184,24.1,10193
21077,Kentucky,Gallatin County,0.0,0.0,0.0,803,52167,14.8,8737
22083,Louisiana,Richland Parish,0.3333333333333333,0.3333333333333333,0.16666666666666666,4704,34029,30.5,20350
27173,Minnesota,Yellow Medicine County,0.0,0.25,0.0,595,59210,11.8,9814
27173,Minnesota,Yellow Medicine County,0.0,0.25,0.0,1,59210,11.8,9814
27087,Minnesota,Mahnomen County,0.0,0.5,0.0,300,44688,23.3,5501
27087,Minnesota,Mahnomen County,0.0,0.5,0.0,3,44688,23.3,5501
27025,Minnesota,Chisago County,0.5,0.0,0.4,2143,83464,6.0,55315
27025,Minnesota,Chisago County,0.5,0.0,0.4,10,83464,6.0,55315
27025,Minnesota,Chisago County,0.5,0.0,0.4,0,83464,6.0,55315
27127,Minnesota,Redwood County,0.3333333333333333,0.3333333333333333,0.0,916,55404,10.1,15261
27127,Minnesota,Redwood County,0.3333333333333333,0.3333333333333333,0.0,6,55404,10.1,15261
27127,Minnesota,Redwood County,0.3333333333333333,0.3333333333333333,0.0,0,55404,10.1,15261
27153,Minnesota,Todd County,0.125,0.5,0.125,1602,53585,11.9,24494
27153,Minnesota,Todd County,0.125,0.5,0.125,22,53585,11.9,24494
27153,Minnesota,Todd County,0.125,0.5,0.125,0,53585,11.9,24494
27007,Minnesota,Beltrami County,0.3,0.5,0.3,3969,49160,18.9,46403
27007,Minnesota,Beltrami County,0.3,0.5,0.3,14,49160,18.9,46403
27007,Minnesota,Beltrami County,0.3,0.5,0.3,0,49160,18.9,46403
27013,Minnesota,Blue Earth County,0.625,0.25,0.3125,4483,57429,17.6,66795
27013,Minnesota,Blue Earth County,0.625,0.25,0.3125,34,57429,17.6,66795
27013,Minnesota,Blue Earth County,0.625,0.25,0.3125,0,57429,17.6,66795
27055,Minnesota,Houston County,0.4,0.2,0.0,882,60382,7.9,18648
27055,Minnesota,Houston County,0.4,0.2,0.0,19,60382,7.9,18648
27073,Minnesota,Lac qui Parle County,0.0,0.3333333333333333,0.0,409,53071,8.3,6719
27073,Minnesota,Lac qui Parle County,0.0,0.3333333333333333,0.0,4,53071,8.3,6719
27073,Minnesota,Lac qui Parle County,0.0,0.3333333333333333,0.0,0,53071,8.3,6719
27077,Minnesota,Lake of the Woods County,0.0,0.0,0.0,228,49967,10.7,3771
27077,Minnesota,Lake of the Woods County,0.0,0.0,0.0,4,49967,10.7,3771
27111,Minnesota,Otter Tail County,0.17647058823529413,0.29411764705882354,0.29411764705882354,3559,58682,9.3,58195
27111,Minnesota,Otter Tail County,0.17647058823529413,0.29411764705882354,0.29411764705882354,60,58682,9.3,58195
27111,Minnesota,Otter Tail County,0.17647058823529413,0.29411764705882354,0.29411764705882354,0,58682,9.3,58195
27137,Minnesota,St. Louis County,0.6515151515151515,0.24242424242424243,0.19696969696969696,18052,55646,14.1,199759
27137,Minnesota,St. Louis County,0.6515151515151515,0.24242424242424243,0.19696969696969696,102,55646,14.1,199759
27137,Minnesota,St. Louis County,0.6515151515151515,0.24242424242424243,0.19696969696969696,0,55646,14.1,199759
27003,Minnesota,Anoka County,0.8313253012048193,0.14457831325301204,0.1686746987951807,19826,82175,5.9,350253
27003,Minnesota,Anoka County,0.8313253012048193,0.14457831325301204,0.1686746987951807,46,82175,5.9,350253
27003,Minnesota,Anoka County,0.8313253012048193,0.14457831325301204,0.1686746987951807,0,82175,5.9,350253
27145,Minnesota,Stearns County,0.5862068965517241,0.1724137931034483,0.2413793103448276,12921,62789,12.9,158452
27145,Minnesota,Stearns County,0.5862068965517241,0.1724137931034483,0.2413793103448276,43,62789,12.9,158452
27145,Minnesota,Stearns County,0.5862068965517241,0.1724137931034483,0.2413793103448276,0,62789,12.9,158452
27037,Minnesota,Dakota County,0.9473684210526315,0.042105263157894736,0.09473684210526316,18759,86036,6.0,421453
27037,Minnesota,Dakota County,0.9473684210526315,0.042105263157894736,0.09473684210526316,24,86036,6.0,421453
27037,Minnesota,Dakota County,0.9473684210526315,0.042105263157894736,0.09473684210526316,0,86036,6.0,421453
27083,Minnesota,Lyon County,0.42857142857142855,0.14285714285714285,0.14285714285714285,2387,57730,14.1,25758
27083,Minnesota,Lyon County,0.42857142857142855,0.14285714285714285,0.14285714285714285,12,57730,14.1,25758
27089,Minnesota,Marshall County,0.0,0.0,0.0,461,60118,6.9,9372
27089,Minnesota,Marshall County,0.0,0.0,0.0,6,60118,6.9,9372
27129,Minnesota,Renville County,0.0,0.16666666666666666,0.0,1123,59028,10.0,14652
27129,Minnesota,Renville County,0.0,0.16666666666666666,0.0,14,59028,10.0,14652
27129,Minnesota,Renville County,0.0,0.16666666666666666,0.0,0,59028,10.0,14652
27163,Minnesota,Washington County,0.82,0.04,0.1,8592,96671,4.3,255938
27163,Minnesota,Washington County,0.82,0.04,0.1,19,96671,4.3,255938
27163,Minnesota,Washington County,0.82,0.04,0.1,0,96671,4.3,255938
27031,Minnesota,Cook County,0.0,0.5,0.0,246,57432,12.6,5376
27031,Minnesota,Cook County,0.0,0.5,0.0,0,57432,12.6,5376
27031,Minnesota,Cook County,0.0,0.5,0.0,0,57432,12.6,5376
22099,Louisiana,St. Martin Parish,0.2727272727272727,0.09090909090909091,0.18181818181818182,10296,48656,18.9,53732
22115,Louisiana,Vernon Parish,0.5,0.5,0.4166666666666667,6179,49141,17.3,49646
22127,Louisiana,Winn Parish,0.25,0.25,0.25,2848,38353,18.7,14313
22033,Louisiana,East Baton Rouge Parish,0.9120879120879121,0.2857142857142857,0.3076923076923077,76384,54948,18.0,443763
22085,Louisiana,Sabine Parish,0.14285714285714285,0.2857142857142857,0.42857142857142855,4529,40336,18.6,23991
22003,Louisiana,Allen Parish,0.4,0.4,0.2,4317,46446,14.5,25618
22065,Louisiana,Madison Parish,0.6,0.0,0.2,3607,30350,36.4,11306
22053,Louisiana,Jefferson Davis Parish,0.5714285714285714,0.14285714285714285,0.5714285714285714,5218,42105,19.1,31441
22093,Louisiana,St. James Parish,0.7142857142857143,0.0,0.42857142857142855,3539,51603,17.0,21308
22043,Louisiana,Grant Parish,0.0,0.4,0.2,3548,42505,18.8,22340
22125,Louisiana,West Feliciana Parish,0.0,0.0,0.0,1314,59637,12.0,15428
22051,Louisiana,Jefferson Parish,0.9838709677419355,0.12096774193548387,0.18548387096774194,62772,54032,15.5,434850
22023,Louisiana,Cameron Parish,0.0,0.0,0.0,692,53423,9.9,6930
22011,Louisiana,Beauregard Parish,0.5714285714285714,0.14285714285714285,0.42857142857142855,4685,53209,15.5,37043
22013,Louisiana,Bienville Parish,0.2,0.4,0.8,3102,30272,28.4,13564
22015,Louisiana,Bossier Parish,0.7272727272727273,0.2727272727272727,0.36363636363636365,15386,54268,17.2,126499
22037,Louisiana,East Feliciana Parish,0.0,0.0,0.4,2799,51803,17.5,19371
22095,Louisiana,St. John the Baptist Parish,0.7272727272727273,0.2727272727272727,0.2727272727272727,9202,57429,17.4,43242
22075,Louisiana,Plaquemines Parish,0.625,0.625,0.125,2828,57204,18.2,23338
22073,Louisiana,Ouachita Parish,0.8,0.225,0.375,34045,41121,24.7,155494
22117,Louisiana,Washington Parish,0.2727272727272727,0.2727272727272727,0.5454545454545454,11360,37570,24.4,46435
22097,Louisiana,St. Landry Parish,0.5263157894736842,0.3684210526315789,0.3684210526315789,22152,36403,26.2,83172
22001,Louisiana,Acadia Parish,0.5,0.25,0.3333333333333333,14005,43396,24.2,62457
22101,Louisiana,St. Mary Parish,0.75,0.25,0.1875,11719,40485,19.7,50968
22103,Louisiana,St. Tammany Parish,0.6904761904761905,0.09523809523809523,0.16666666666666666,23073,68905,11.5,255155
22111,Louisiana,Union Parish,0.16666666666666666,0.3333333333333333,0.5,3827,44100,17.3,22353
22017,Louisiana,Caddo Parish,0.8253968253968254,0.3968253968253968,0.5873015873015873,52437,41797,23.3,245831
22005,Louisiana,Ascension Parish,0.8571428571428571,0.14285714285714285,0.2857142857142857,12406,80527,10.6,123114
22055,Louisiana,Lafayette Parish,0.8809523809523809,0.21428571428571427,0.40476190476190477,34440,56999,17.3,241973
22045,Louisiana,Iberia Parish,0.6,0.06666666666666667,0.5333333333333333,17501,46861,22.1,71887
22061,Louisiana,Lincoln Parish,0.6,0.5,0.4,7491,35467,30.3,47246
22091,Louisiana,St. Helena Parish,0.0,0.0,1.0,2809,43886,18.4,10297
22119,Louisiana,Webster Parish,0.5454545454545454,0.7272727272727273,0.36363636363636365,7801,28951,29.8,39242
22031,Louisiana,De Soto Parish,0.14285714285714285,0.2857142857142857,0.5714285714285714,4981,46006,22.0,27289
22047,Louisiana,Iberville Parish,0.2857142857142857,0.14285714285714285,0.42857142857142855,6915,50161,18.2,32822
22063,Louisiana,Livingston Parish,0.47058823529411764,0.058823529411764705,0.5294117647058824,15636,63389,12.4,138928
22067,Louisiana,Morehouse Parish,0.375,0.5,0.625,7481,32929,28.3,25610
22071,Louisiana,Orleans Parish,0.9828571428571429,0.12571428571428572,0.22285714285714286,79470,41604,23.7,390845
22109,Louisiana,Terrebonne Parish,0.6190476190476191,0.14285714285714285,0.5238095238095238,21266,48747,20.6,112054
22019,Louisiana,Calcasieu Parish,0.9047619047619048,0.21428571428571427,0.2619047619047619,29185,51148,17.3,201619
22027,Louisiana,Claiborne Parish,0.2,0.4,0.4,3025,26776,33.6,15985
22009,Louisiana,Avoyelles Parish,0.2222222222222222,0.2222222222222222,0.5555555555555556,10084,38565,24.4,40669
22049,Louisiana,Jackson Parish,0.2,0.4,0.8,2753,39139,22.8,15879
22077,Louisiana,Pointe Coupee Parish,0.5,0.16666666666666666,0.16666666666666666,4086,41480,20.9,22016
22089,Louisiana,St. Charles Parish,0.6923076923076923,0.23076923076923078,0.15384615384615385,5957,69019,11.2,52773
22057,Louisiana,Lafourche Parish,0.6521739130434783,0.08695652173913043,0.34782608695652173,14942,55506,15.6,98108
22107,Louisiana,Tensas Parish,0.0,1.0,0.0,1395,27500,34.7,4561
22059,Louisiana,LaSalle Parish,0.3333333333333333,0.3333333333333333,0.3333333333333333,2115,42104,20.0,14936
24510,Maryland,Baltimore city,1.0,0.07,0.44,164901,50379,21.2,609032
24039,Maryland,Somerset County,0.2857142857142857,0.14285714285714285,0.42857142857142855,5349,37803,21.7,25729
24025,Maryland,Harford County,0.7719298245614035,0.03508771929824561,0.14035087719298245,19527,89147,7.2,252222
24001,Maryland,Allegany County,0.6086956521739131,0.391304347826087,0.391304347826087,14102,45893,16.5,71445
32015,Nevada,Lander County,0.0,0.0,0.0,464,88030,9.7,5643
32009,Nevada,Esmeralda County,0.0,1.0,0.0,63,37375,8.9,969
32021,Nevada,Mineral County,0.5,0.5,0.5,823,35806,19.8,4460
32017,Nevada,Lincoln County,0.0,0.0,0.0,471,58462,5.5,5180
32031,Nevada,Washoe County,0.9166666666666666,0.07407407407407407,0.1388888888888889,44685,64791,11.3,456936
32510,Nevada,Carson City,0.9230769230769231,0.0,0.0,6919,55718,11.3,54773
34025,New Jersey,Monmouth County,0.9440559440559441,0.04195804195804196,0.1958041958041958,28550,99733,6.9,621659
34037,New Jersey,Sussex County,0.5609756097560976,0.024390243902439025,0.024390243902439025,3748,94520,4.9,141483
34013,New Jersey,Essex County,1.0,0.014285714285714285,0.1380952380952381,108728,61510,15.8,795404
34015,New Jersey,Gloucester County,0.873015873015873,0.06349206349206349,0.25396825396825395,17271,87283,7.4,291165
34031,New Jersey,Passaic County,0.97,0.01,0.22,91568,69688,15.7,503637
34003,New Jersey,Bergen County,0.994413407821229,0.0,0.17318435754189945,32053,101144,6.7,930390
34041,New Jersey,Warren County,0.5652173913043478,0.17391304347826086,0.43478260869565216,6720,81307,7.6,105862
34005,New Jersey,Burlington County,0.8947368421052632,0.07894736842105263,0.10526315789473684,21374,87416,6.1,445702
35029,New Mexico,Luna County,0.6666666666666666,0.6666666666666666,0.8333333333333334,8879,29360,27.7,24083
35055,New Mexico,Taos County,0.16666666666666666,0.6666666666666666,0.3333333333333333,7373,38329,18.3,32786
35007,New Mexico,Colfax County,0.0,0.3333333333333333,0.6666666666666666,2968,36302,20.0,12168
35021,New Mexico,Harding County,0.0,1.0,0.0,0,29375,14.3,441
35037,New Mexico,Quay County,0.6666666666666666,0.6666666666666666,0.0,2418,29035,20.4,8326
28103,Mississippi,Noxubee County,0.3333333333333333,0.6666666666666666,0.6666666666666666,3367,33784,32.5,10700
28137,Mississippi,Tate County,0.2,0.8,0.4,3798,51030,18.1,28404
28107,Mississippi,Panola County,0.16666666666666666,0.3333333333333333,0.3333333333333333,6346,38304,20.3,34190
28161,Mississippi,Yalobusha County,0.3333333333333333,0.0,0.3333333333333333,2356,41464,18.4,12367
19095,Iowa,Iowa County,0.0,0.0,0.0,891,61443,8.7,16189
19189,Iowa,Winnebago County,0.3333333333333333,0.0,0.0,837,49870,9.0,10534
19165,Iowa,Shelby County,0.25,0.0,0.25,937,58000,8.0,11606
19007,Iowa,Appanoose County,0.4,0.2,0.0,1761,40167,17.7,12452
19145,Iowa,Page County,0.5,0.3333333333333333,0.0,1828,51867,11.4,15268
19191,Iowa,Winneshiek County,0.4,0.0,0.0,939,65263,8.2,20262
19155,Iowa,Pottawattamie County,0.6333333333333333,0.16666666666666666,0.1,13831,60065,10.7,93393
19127,Iowa,Marshall County,0.6,0.3,0.3,4805,56437,12.0,39964
19015,Iowa,Boone County,0.42857142857142855,0.0,0.0,1920,64000,7.6,26370
19021,Iowa,Buena Vista County,0.3333333333333333,0.0,0.0,2051,57125,12.9,20058
19089,Iowa,Howard County,0.3333333333333333,0.0,0.3333333333333333,585,55060,9.0,9226
19077,Iowa,Guthrie County,0.0,0.0,0.0,904,61161,8.7,10669
19091,Iowa,Humboldt County,0.5,0.0,0.0,742,54575,13.0,9554
19121,Iowa,Madison County,0.3333333333333333,0.3333333333333333,0.3333333333333333,995,66316,5.0,16012
47151,Tennessee,Scott County,0.2,0.2,0.4,6016,38864,21.9,21969
47107,Tennessee,McMinn County,0.3,0.2,0.4,8444,43285,19.3,53053
47117,Tennessee,Marshall County,0.5,0.3333333333333333,0.3333333333333333,3932,53197,14.0,32965
47143,Tennessee,Rhea County,0.3333333333333333,0.3333333333333333,0.5,6410,42206,19.3,32719
47001,Tennessee,Anderson County,0.47058823529411764,0.058823529411764705,0.23529411764705882,11131,50392,16.7,76061
47049,Tennessee,Fentress County,0.0,0.0,0.75,4193,36520,20.6,18213
47053,Tennessee,Gibson County,0.35714285714285715,0.2857142857142857,0.2857142857142857,8501,43171,15.8,49228
47069,Tennessee,Hardeman County,0.0,0.16666666666666666,0.3333333333333333,4844,40304,17.8,25443
47105,Tennessee,Loudon County,0.3,0.1,0.2,4591,58065,11.3,52340
47149,Tennessee,Rutherford County,0.7142857142857143,0.10204081632653061,0.10204081632653061,26094,67429,11.1,315815
47159,Tennessee,Smith County,0.2,0.2,0.0,2718,48068,17.9,19740
47189,Tennessee,Wilson County,0.6190476190476191,0.19047619047619047,0.14285714285714285,9847,75991,7.7,136666
47171,Tennessee,Unicoi County,0.25,0.0,0.5,2853,41890,18.1,17811
35027,New Mexico,Lincoln County,0.4,0.2,0.2,3663,46216,10.6,19461
35005,New Mexico,Chaves County,0.625,0.3125,0.0,14871,43359,19.4,65144
35025,New Mexico,Lea County,0.7222222222222222,0.2222222222222222,0.05555555555555555,12833,60546,15.8,70277
35049,New Mexico,Santa Fe County,0.68,0.12,0.0,19077,61200,12.8,149293
35059,New Mexico,Union County,0.0,1.0,0.0,0,35884,19.4,4133
35051,New Mexico,Sierra County,0.25,0.5,0.5,5280,29755,26.7,11031
35053,New Mexico,Socorro County,0.5,0.8333333333333334,0.16666666666666666,5259,42083,29.7,16858
35041,New Mexico,Roosevelt County,0.6,0.4,0.2,11,42702,24.9,18888
35013,New Mexico,Doña Ana County,0.7073170731707317,0.34146341463414637,0.2926829268292683,59024,40973,26.4,216069
35028,New Mexico,Los Alamos County,1.0,0.0,0.25,0,121324,4.4,18625
35039,New Mexico,Rio Arriba County,0.2222222222222222,0.0,0.5555555555555556,12522,39952,24.0,39159
35047,New Mexico,San Miguel County,0.5714285714285714,0.5714285714285714,0.2857142857142857,8676,30946,28.2,27738
35061,New Mexico,Valencia County,0.6666666666666666,0.3888888888888889,0.1111111111111111,17450,48945,16.9,76027
35057,New Mexico,Torrance County,0.0,0.5,0.0,7021,36120,23.7,15519
35001,New Mexico,Bernalillo County,0.9477124183006536,0.10457516339869281,0.1830065359477124,130578,53329,16.7,677858
35035,New Mexico,Otero County,0.625,0.125,0.3125,11371,41988,22.1,66137
35006,New Mexico,Cibola County,0.42857142857142855,0.42857142857142855,0.42857142857142855,8458,39413,26.1,26891
35011,New Mexico,De Baca County,0.0,0.0,0.0,0,31625,16.0,2040
35019,New Mexico,Guadalupe County,0.0,1.0,0.0,1423,24798,15.4,4353
35003,New Mexico,Catron County,0.0,1.0,0.0,0,41910,16.4,3526
37079,North Carolina,Greene County,0.0,0.0,0.75,3940,39837,22.9,21033
37121,North Carolina,Mitchell County,0.0,0.0,0.5,1931,46103,13.0,15004
37041,North Carolina,Chowan County,0.3333333333333333,0.3333333333333333,0.6666666666666666,2510,46519,16.0,14097
37005,North Carolina,Alleghany County,0.0,0.0,0.3333333333333333,1476,37830,23.4,11008
37027,North Carolina,Caldwell County,0.5294117647058824,0.35294117647058826,0.23529411764705882,11473,44511,15.1,81884
37035,North Carolina,Catawba County,0.6451612903225806,0.1935483870967742,0.41935483870967744,18586,52056,13.2,157613
37045,North Carolina,Cleveland County,0.4090909090909091,0.2727272727272727,0.4090909090909091,19435,42247,20.4,97282
37049,North Carolina,Craven County,0.6666666666666666,0.09523809523809523,0.2857142857142857,13210,52687,15.2,102491
37065,North Carolina,Edgecombe County,0.42857142857142855,0.42857142857142855,0.5,14595,36866,23.7,52648
37077,North Carolina,Granville County,0.3076923076923077,0.23076923076923078,0.23076923076923078,6508,55856,14.3,59328
37085,North Carolina,Harnett County,0.2962962962962963,0.14814814814814814,0.3333333333333333,18259,53554,15.8,132283
37093,North Carolina,Hoke County,0.25,0.25,0.375,9519,48072,20.4,53957
37089,North Carolina,Henderson County,0.5769230769230769,0.07692307692307693,0.15384615384615385,9071,55945,10.9,114913
37095,North Carolina,Hyde County,0.0,1.0,0.0,801,39663,24.3,5213
37097,North Carolina,Iredell County,0.5,0.11363636363636363,0.045454545454545456,12274,60955,10.9,175538
37119,North Carolina,Mecklenburg County,0.9696969696969697,0.08225108225108226,0.19047619047619047,111405,66641,11.6,1074475
37131,North Carolina,Northampton County,0.0,0.0,0.8,4581,37146,20.7,19946
37147,North Carolina,Pitt County,0.71875,0.28125,0.46875,29705,47437,22.9,178433
37159,North Carolina,Rowan County,0.5,0.23333333333333334,0.26666666666666666,19848,49842,15.9,140296
37181,North Carolina,Vance County,0.5,0.2,0.6,11989,40529,20.8,44479
37039,North Carolina,Cherokee County,0.0,0.14285714285714285,0.14285714285714285,4229,41438,16.7,27969
37053,North Carolina,Currituck County,0.0,0.0,0.0,1824,69964,9.5,26363
37179,North Carolina,Union County,0.7317073170731707,0.14634146341463414,0.04878048780487805,18364,80033,8.2,231053
37193,North Carolina,Wilkes County,0.14285714285714285,0.14285714285714285,0.35714285714285715,10546,44107,17.7,68469
37127,North Carolina,Nash County,0.4444444444444444,0.05555555555555555,0.5555555555555556,14844,49537,15.2,94030
37003,North Carolina,Alexander County,0.2857142857142857,0.14285714285714285,0.14285714285714285,3812,48756,13.6,37213
37055,North Carolina,Dare County,0.5555555555555556,0.0,0.1111111111111111,2407,59381,9.0,36222
37185,North Carolina,Warren County,0.0,0.16666666666666666,0.6666666666666666,3968,36466,19.8,19898
37195,North Carolina,Wilson County,0.5263157894736842,0.10526315789473684,0.3684210526315789,15447,43877,20.3,81435
37073,North Carolina,Gates County,0.0,0.3333333333333333,0.3333333333333333,1567,50750,13.5,11548
37075,North Carolina,Graham County,0.0,0.0,0.3333333333333333,1177,39571,17.1,8509
37115,North Carolina,Madison County,0.0,0.3333333333333333,0.16666666666666666,2621,45873,16.4,21499
37137,North Carolina,Pamlico County,0.0,0.25,0.25,1685,46728,12.6,12701
37149,North Carolina,Polk County,0.14285714285714285,0.0,0.2857142857142857,1899,48787,9.8,20557
37151,North Carolina,Randolph County,0.42857142857142855,0.21428571428571427,0.42857142857142855,20136,47288,15.2,143118
37169,North Carolina,Stokes County,0.1111111111111111,0.2222222222222222,0.2222222222222222,5112,48054,13.8,45781
37187,North Carolina,Washington County,0.0,0.0,0.6666666666666666,2811,35979,22.3,11922
37043,North Carolina,Clay County,0.0,0.0,1.0,1576,42222,13.9,10946
37051,North Carolina,Cumberland County,0.8507462686567164,0.3283582089552239,0.40298507462686567,68272,46875,18.4,332861
37081,North Carolina,Guilford County,0.8813559322033898,0.15254237288135594,0.22033898305084745,85045,53261,15.8,527868
37099,North Carolina,Jackson County,0.1111111111111111,0.0,0.3333333333333333,4137,47252,18.7,42938
37139,North Carolina,Pasquotank County,0.4,0.5,0.5,7378,50558,15.7,39514
37155,North Carolina,Robeson County,0.3548387096774194,0.1935483870967742,0.45161290322580644,37336,34976,27.7,132596
37111,North Carolina,McDowell County,0.2,0.0,0.3,7233,43646,16.8,45227
37173,North Carolina,Swain County,0.0,0.0,0.25,1866,39317,17.5,14260
37183,North Carolina,Wake County,0.9144385026737968,0.0962566844919786,0.12834224598930483,68363,80591,9.1,1069079
37007,North Carolina,Anson County,0.16666666666666666,0.16666666666666666,0.6666666666666666,5826,40213,19.5,24902
37069,North Carolina,Franklin County,0.08333333333333333,0.25,0.3333333333333333,8438,55193,13.2,66362
37103,North Carolina,Jones County,0.0,0.0,0.3333333333333333,1877,38158,24.5,9594
37113,North Carolina,Macon County,0.1111111111111111,0.2222222222222222,0.3333333333333333,4034,45507,15.4,34813
37019,North Carolina,Brunswick County,0.4375,0.0625,0.125,14333,58236,11.8,131815
37175,North Carolina,Transylvania County,0.2857142857142857,0.0,0.2857142857142857,3767,50212,14.3,33775
37013,North Carolina,Beaufort County,0.2727272727272727,0.2727272727272727,0.2727272727272727,8947,45212,18.6,47168
37047,North Carolina,Columbus County,0.07692307692307693,0.07692307692307693,0.5384615384615384,11618,37628,22.8,56068
37109,North Carolina,Lincoln County,0.4444444444444444,0.16666666666666666,0.0,8655,57536,12.1,82919
37123,North Carolina,Montgomery County,0.16666666666666666,0.16666666666666666,0.16666666666666666,4016,44146,17.7,27252
37135,North Carolina,Orange County,0.6071428571428571,0.0,0.35714285714285715,9940,71723,13.7,144836
37153,North Carolina,Richmond County,0.5454545454545454,0.2727272727272727,0.5454545454545454,12635,36148,25.2,44997
37163,North Carolina,Sampson County,0.09090909090909091,0.18181818181818182,0.7272727272727273,11670,42151,20.9,63385
37171,North Carolina,Surry County,0.2727272727272727,0.045454545454545456,0.2727272727272727,11014,43597,16.4,71971
37011,North Carolina,Avery County,0.0,0.0,0.0,1731,40340,15.1,17506
37021,North Carolina,Buncombe County,0.7142857142857143,0.125,0.19642857142857142,25408,52207,12.2,256886
37025,North Carolina,Cabarrus County,0.7567567567567568,0.1891891891891892,0.1891891891891892,20222,67328,10.2,206615
37033,North Carolina,Caswell County,0.0,0.16666666666666666,0.6666666666666666,4053,45733,18.1,22684
37059,North Carolina,Davie County,0.42857142857142855,0.0,0.2857142857142857,4211,60434,13.9,42257
37057,North Carolina,Davidson County,0.5,0.20588235294117646,0.2647058823529412,23199,49546,15.4,165381
37061,North Carolina,Duplin County,0.18181818181818182,0.18181818181818182,0.5454545454545454,8439,41764,21.2,58967
37063,North Carolina,Durham County,0.9166666666666666,0.13333333333333333,0.38333333333333336,37705,60958,15.2,311848
37091,North Carolina,Hertford County,0.2,0.4,0.6,5479,41028,21.9,24012
37105,North Carolina,Lee County,0.5384615384615384,0.15384615384615385,0.3076923076923077,9345,49994,16.1,60481
37129,North Carolina,New Hanover County,0.9772727272727273,0.18181818181818182,0.3409090909090909,23121,54891,16.0,227938
37141,North Carolina,Pender County,0.13333333333333333,0.06666666666666667,0.0,6720,57240,14.1,60399
37191,North Carolina,Wayne County,0.5769230769230769,0.38461538461538464,0.4230769230769231,23139,44416,20.2,123603
37165,North Carolina,Scotland County,0.5714285714285714,0.5714285714285714,0.5714285714285714,9858,37238,27.3,35076
37189,North Carolina,Watauga County,0.23076923076923078,0.0,0.15384615384615385,2546,47526,25.3,54925
37083,North Carolina,Halifax County,0.4166666666666667,0.25,0.75,13335,35502,25.8,51190
37001,North Carolina,Alamance County,0.6666666666666666,0.2777777777777778,0.19444444444444445,22509,49688,16.1,163324
37177,North Carolina,Tyrrell County,0.0,0.0,0.0,687,35300,22.5,4095
38089,North Dakota,Stark County,0.625,0.0,0.0,1673,72045,8.8,31081
38103,North Dakota,Wells County,0.0,0.0,0.0,274,57582,8.6,3976
38013,North Dakota,Burke County,0.0,0.0,0.0,93,77232,5.9,2182
38061,North Dakota,Mountrail County,0.0,0.0,0.0,326,72147,10.4,10321
38105,North Dakota,Williams County,0.5714285714285714,0.0,0.14285714285714285,1379,87161,6.1,35208
38043,North Dakota,Kidder County,0.0,1.0,0.0,130,54643,10.8,2466
38019,North Dakota,Cavalier County,0.0,0.0,0.0,157,64798,11.0,3803
38037,North Dakota,Grant County,0.0,0.0,0.0,146,50938,12.9,2353
38049,North Dakota,McHenry County,0.0,0.0,0.0,356,64179,8.3,5878
38091,North Dakota,Steele County,0.0,0.0,0.0,80,70724,5.8,1744
38005,North Dakota,Benson County,0.0,0.25,0.0,1957,47667,31.9,6873
38045,North Dakota,LaMoure County,0.0,0.0,0.0,128,60806,14.7,4125
38059,North Dakota,Morton County,0.4,0.0,0.2,1772,70556,7.4,30868
38025,North Dakota,Dunn County,0.0,0.0,0.0,209,76719,8.1,4395
38051,North Dakota,McIntosh County,0.0,1.0,0.0,138,52587,9.9,2597
38063,North Dakota,Nelson County,0.0,0.0,0.0,184,52039,11.5,2894
38079,North Dakota,Rolette County,0.0,0.25,0.5,4796,43158,27.1,14511
38099,North Dakota,Walsh County,0.3333333333333333,0.0,0.0,732,55700,9.1,10751
38009,North Dakota,Bottineau County,0.0,0.0,0.0,510,60381,9.6,6502
38003,North Dakota,Barnes County,0.5,0.0,0.25,793,58365,11.3,10706
38035,North Dakota,Grand Forks County,0.7777777777777778,0.2222222222222222,0.3333333333333333,4459,54051,16.2,70224
38075,North Dakota,Renville County,0.0,0.0,0.0,111,73182,3.7,2442
38053,North Dakota,McKenzie County,0.0,0.25,0.0,410,77845,11.3,13334
38055,North Dakota,McLean County,0.0,0.0,0.0,356,68529,8.0,9584
38069,North Dakota,Pierce County,0.0,0.0,0.0,251,55660,16.7,4126
38011,North Dakota,Bowman County,0.0,0.0,0.0,167,62442,7.8,3148
38015,North Dakota,Burleigh County,0.7368421052631579,0.05263157894736842,0.3157894736842105,4548,71524,8.1,94793
38047,North Dakota,Logan County,0.0,0.0,0.0,83,59375,7.2,1872
38065,North Dakota,Oliver County,0.0,0.0,0.0,84,78929,8.0,1842
38093,North Dakota,Stutsman County,0.3333333333333333,0.0,0.16666666666666666,1388,57674,12.1,20965
38071,North Dakota,Ramsey County,0.6666666666666666,0.0,0.0,1057,58910,12.5,11583
38031,North Dakota,Foster County,0.0,0.0,0.0,157,61425,7.2,3260
38039,North Dakota,Griggs County,0.0,0.0,0.0,138,53565,7.9,2409
38083,North Dakota,Sheridan County,0.0,1.0,0.0,125,51055,12.4,1409
39159,Ohio,Union County,0.3,0.0,0.2,2446,86715,5.9,56707
39131,Ohio,Pike County,0.16666666666666666,0.0,0.8333333333333334,6769,42832,18.7,28000
39125,Ohio,Paulding County,0.2,0.0,0.0,2251,55330,9.9,18809
39061,Ohio,Hamilton County,0.972972972972973,0.17567567567567569,0.3783783783783784,98096,57212,15.8,813589
39049,Ohio,Franklin County,0.9788732394366197,0.14788732394366197,0.2605633802816901,153887,61305,15.7,1290360
39101,Ohio,Marion County,0.7222222222222222,0.3888888888888889,0.5,10442,47498,14.8,65299
39157,Ohio,Tuscarawas County,0.3333333333333333,0.047619047619047616,0.38095238095238093,9437,53243,12.8,92335
39169,Ohio,Wayne County,0.4375,0.0625,0.28125,9295,58300,11.3,116099
39015,Ohio,Brown County,0.1111111111111111,0.1111111111111111,0.3333333333333333,5485,54575,15.3,43572
39017,Ohio,Butler County,0.8875,0.2375,0.2625,34382,66117,12.5,380019
39067,Ohio,Harrison County,0.2,0.2,0.4,2116,49689,16.0,15211
39083,Ohio,Knox County,0.4166666666666667,0.25,0.6666666666666666,5705,57749,13.1,61481
39089,Ohio,Licking County,0.6875,0.1875,0.28125,17227,64589,10.5,173750
39139,Ohio,Richland County,0.7666666666666667,0.3333333333333333,0.5,17809,49547,13.5,121100
39163,Ohio,Vinton County,0.0,0.3333333333333333,0.6666666666666666,0,45673,19.0,13083
39019,Ohio,Carroll County,0.14285714285714285,0.0,0.2857142857142857,2640,55267,12.3,27332
39063,Ohio,Hancock County,0.5384615384615384,0.15384615384615385,0.46153846153846156,5339,58450,10.8,75837
39025,Ohio,Clermont County,0.725,0.125,0.275,12727,66968,9.0,204275
39045,Ohio,Fairfield County,0.6071428571428571,0.21428571428571427,0.32142857142857145,14580,67609,9.2,154457
39039,Ohio,Defiance County,0.5555555555555556,0.1111111111111111,0.4444444444444444,2955,59931,10.2,38160
39071,Ohio,Highland County,0.2222222222222222,0.1111111111111111,0.4444444444444444,6443,44169,19.4,43016
39069,Ohio,Henry County,0.14285714285714285,0.0,0.2857142857142857,1530,59695,8.4,27208
39081,Ohio,Jefferson County,0.6086956521739131,0.2608695652173913,0.30434782608695654,12870,46581,17.5,66371
39133,Ohio,Portage County,0.6285714285714286,0.17142857142857143,0.2857142857142857,13055,57618,12.8,162511
39137,Ohio,Putnam County,0.14285714285714285,0.0,0.14285714285714285,1789,64822,7.6,33911
39013,Ohio,Belmont County,0.6,0.15,0.35,7731,50904,12.3,68024
39027,Ohio,Clinton County,0.5555555555555556,0.2222222222222222,0.3333333333333333,5217,52815,14.8,41957
39047,Ohio,Fayette County,0.5714285714285714,0.14285714285714285,0.14285714285714285,4376,47308,16.2,28620
39127,Ohio,Perry County,0.16666666666666666,0.16666666666666666,0.5,6165,50150,19.1,36022
39129,Ohio,Pickaway County,0.38461538461538464,0.07692307692307693,0.07692307692307693,6166,63633,12.1,57762
39097,Ohio,Madison County,0.3333333333333333,0.08333333333333333,0.25,4034,68022,9.1,44135
39119,Ohio,Muskingum County,0.47368421052631576,0.3157894736842105,0.3157894736842105,16258,47254,16.0,86131
39143,Ohio,Sandusky County,0.5333333333333333,0.06666666666666667,0.3333333333333333,5357,54089,11.6,59029
39161,Ohio,Van Wert County,0.5555555555555556,0.1111111111111111,0.1111111111111111,2122,54254,11.1,28261
39167,Ohio,Washington County,0.4375,0.125,0.375,7189,50021,14.2,60426
39011,Ohio,Auglaize County,0.45454545454545453,0.0,0.18181818181818182,2710,64074,8.4,45729
39037,Ohio,Darke County,0.3333333333333333,0.08333333333333333,0.25,3652,55620,10.5,51513
39123,Ohio,Ottawa County,0.46153846153846156,0.07692307692307693,0.07692307692307693,3225,59099,10.1,40632
39065,Ohio,Hardin County,0.42857142857142855,0.0,0.2857142857142857,3311,50506,13.9,31425
39079,Ohio,Jackson County,0.2857142857142857,0.14285714285714285,0.42857142857142855,6320,47550,18.8,32450
39077,Ohio,Huron County,0.46153846153846156,0.15384615384615385,0.23076923076923078,7335,52560,13.2,58339
39009,Ohio,Athens County,0.3333333333333333,0.3333333333333333,0.4666666666666667,8749,40905,30.2,65917
39001,Ohio,Adams County,0.16666666666666666,0.3333333333333333,0.8333333333333334,5452,39079,20.7,27776
39103,Ohio,Medina County,0.6216216216216216,0.02702702702702703,0.10810810810810811,9293,76600,6.0,177980
39095,Ohio,Lucas County,0.9291338582677166,0.15748031496062992,0.3464566929133858,69598,48736,18.7,431102
39121,Ohio,Noble County,0.3333333333333333,0.3333333333333333,0.3333333333333333,1231,46897,15.6,14416
39041,Ohio,Delaware County,0.7428571428571429,0.02857142857142857,0.08571428571428572,5178,106908,4.8,201135
39147,Ohio,Seneca County,0.5,0.21428571428571427,0.42857142857142855,6028,52500,12.8,55351
39151,Ohio,Stark County,0.8255813953488372,0.10465116279069768,0.29069767441860467,46317,53860,13.6,372404
39031,Ohio,Coshocton County,0.3,0.2,0.6,5717,46606,14.4,36585
39055,Ohio,Geauga County,0.3333333333333333,0.047619047619047616,0.42857142857142855,2642,82303,5.8,93843
39073,Ohio,Hocking County,0.14285714285714285,0.14285714285714285,0.42857142857142855,3,52363,13.3,28390
39085,Ohio,Lake County,0.9310344827586207,0.034482758620689655,0.1206896551724138,15734,64466,8.1,229954
39141,Ohio,Ross County,0.47058823529411764,0.058823529411764705,0.4117647058823529,22323,51092,17.3,76948
39035,Ohio,Cuyahoga County,0.9932432432432432,0.05630630630630631,0.25675675675675674,200632,50366,17.5,1247451
39035,Ohio,Cuyahoga County,0.9932432432432432,0.05630630630630631,0.25675675675675674,11816,50366,17.5,1247451
39075,Ohio,Holmes County,0.125,0.0,0.875,1093,63753,10.0,43901
39109,Ohio,Miami County,0.6190476190476191,0.047619047619047616,0.19047619047619047,7521,61041,9.2,105371
39111,Ohio,Monroe County,0.0,0.0,0.5,1696,45289,17.1,13942
39155,Ohio,Trumbull County,0.7090909090909091,0.2545454545454545,0.21818181818181817,29933,47280,17.2,200367
39173,Ohio,Wood County,0.5714285714285714,0.10714285714285714,0.21428571428571427,6746,62390,12.9,130150
39005,Ohio,Ashland County,0.36363636363636365,0.09090909090909091,0.18181818181818182,3847,52823,13.8,53536
40043,Oklahoma,Dewey County,0.0,0.3333333333333333,0.0,325,52428,16.6,4922
40059,Oklahoma,Harper County,0.0,0.0,0.0,208,46154,15.3,3760
40083,Oklahoma,Logan County,0.5,0.25,0.125,4826,65357,14.0,46683
40143,Oklahoma,Tulsa County,0.92,0.17714285714285713,0.21714285714285714,83319,55517,15.0,646419
40147,Oklahoma,Washington County,0.8461538461538461,0.15384615384615385,0.15384615384615385,11424,54997,13.3,51886
40057,Oklahoma,Harmon County,0.0,0.0,0.0,549,48344,14.7,2710
40061,Oklahoma,Haskell County,0.0,0.25,0.0,2612,42348,19.1,12687
40111,Oklahoma,Okmulgee County,0.4,0.4,0.4,7716,42998,19.5,38749
40113,Oklahoma,Osage County,0.2727272727272727,0.36363636363636365,0.2727272727272727,3914,49103,15.6,47226
40067,Oklahoma,Jefferson County,0.0,0.3333333333333333,0.0,1161,39895,21.4,6158
40047,Oklahoma,Garfield County,0.6666666666666666,0.0,0.16666666666666666,8825,54006,13.8,61898
40049,Oklahoma,Garvin County,0.2222222222222222,0.0,0.1111111111111111,4886,47125,15.2,27835
40121,Oklahoma,Pittsburg County,0.38461538461538464,0.23076923076923078,0.15384615384615385,7045,46784,16.8,44146
40123,Oklahoma,Pontotoc County,0.5,0.0,0.1,6469,50392,14.7,38355
40129,Oklahoma,Roger Mills County,0.0,0.0,0.0,309,51302,17.3,3667
40153,Oklahoma,Woodward County,0.4,0.0,0.2,1816,60147,11.5,20727
40021,Oklahoma,Cherokee County,0.3333333333333333,0.2222222222222222,0.3333333333333333,7081,42774,22.1,48664
40041,Oklahoma,Delaware County,0.1111111111111111,0.1111111111111111,0.1111111111111111,6318,41696,18.3,42433
40045,Oklahoma,Ellis County,0.0,0.5,0.0,303,53245,16.0,4015
40051,Oklahoma,Grady County,0.5,0.1,0.1,6145,60875,11.5,55071
40119,Arizona,Greenlee County,0.3333333333333333,0.0,0.0,9097,41603,26.8,81815
40119,Oklahoma,Payne County,0.6470588235294118,0.23529411764705882,0.17647058823529413,9097,41603,26.8,81815
40125,Oklahoma,Pottawatomie County,0.5,0.3125,0.1875,17582,49250,16.2,72154
40037,Oklahoma,Creek County,0.2857142857142857,0.09523809523809523,0.0,10792,51318,15.0,71427
40141,Oklahoma,Tillman County,0.4,0.4,0.0,1422,42280,19.8,7413
40149,Oklahoma,Washita County,0.25,0.0,0.0,1482,53274,14.6,11225
40033,Oklahoma,Cotton County,0.5,0.0,0.0,833,50885,18.2,5858
40075,Oklahoma,Kiowa County,0.3333333333333333,0.0,0.0,1852,38019,24.0,8886
40079,Oklahoma,Le Flore County,0.25,0.4166666666666667,0.16666666666666666,11615,40677,20.7,50026
40089,Oklahoma,McCurtain County,0.25,0.625,0.375,7930,37061,22.7,33016
40093,Oklahoma,Major County,0.0,0.0,0.0,599,54332,12.5,7692
40097,Oklahoma,Mayes County,0.2222222222222222,0.1111111111111111,0.2222222222222222,6286,50345,18.1,41044
40109,Oklahoma,Oklahoma County,0.921161825726141,0.12448132780082988,0.14937759336099585,124126,54520,16.0,787216
40039,Oklahoma,Custer County,0.8,0.6,0.2,3691,49900,18.2,29152
40085,Oklahoma,Love County,0.0,0.0,0.0,1263,49399,15.0,10063
40009,Oklahoma,Beckham County,0.5,0.0,0.5,3201,50721,16.7,22268
40023,Oklahoma,Choctaw County,0.4,0.6,0.4,3841,34489,27.7,14807
40065,Oklahoma,Jackson County,0.625,0.125,0.25,4228,49703,17.3,25063
40081,Oklahoma,Lincoln County,0.14285714285714285,0.14285714285714285,0.14285714285714285,1544,50671,13.9,34895
40117,Oklahoma,Pawnee County,0.2,0.0,0.0,2932,48009,15.9,16412
40133,Oklahoma,Seminole County,0.2222222222222222,0.4444444444444444,0.3333333333333333,6141,39373,20.4,24832
40025,Oklahoma,Cimarron County,0.0,0.0,0.0,175,46328,16.8,2174
40011,Oklahoma,Blaine County,0.2,0.4,0.0,1579,45792,12.2,9556
40029,Oklahoma,Coal County,0.0,0.5,0.5,781,40938,22.0,5581
40053,Oklahoma,Grant County,0.0,0.0,0.0,158,57727,6.9,4397
40073,Oklahoma,Kingfisher County,0.25,0.0,0.0,1179,57777,12.1,15694
40105,Oklahoma,Nowata County,0.25,0.5,0.25,2913,43145,15.9,10322
40087,Oklahoma,McClain County,0.16666666666666666,0.0,0.16666666666666666,4006,67662,7.8,39247
40095,Oklahoma,Marshall County,0.25,0.25,0.25,2187,45746,17.0,16505
40103,Oklahoma,Noble County,0.5,0.0,0.0,1187,56117,10.8,11335
40131,Arizona,Maricopa County,0.9572836801752465,0.10624315443592552,0.1511500547645126,7347,65434,9.9,91353
40131,Oklahoma,Rogers County,0.39285714285714285,0.0,0.0,7347,65434,9.9,91353
40135,Oklahoma,Sequoyah County,0.4444444444444444,0.5555555555555556,0.4444444444444444,8933,40351,21.5,41709
40003,Oklahoma,Alfalfa County,0.0,0.0,0.0,384,61852,9.1,5847
40151,Oklahoma,Woods County,0.3333333333333333,0.0,0.0,616,54282,13.2,9043
40027,Oklahoma,Cleveland County,0.8548387096774194,0.08064516129032258,0.11290322580645161,29386,64016,12.0,279274
40107,Oklahoma,Okfuskee County,0.25,0.25,0.0,2442,38411,26.3,12067
40005,Oklahoma,Atoka County,0.0,0.75,0.25,2482,39316,20.6,13823
42103,Pennsylvania,Pike County,0.2222222222222222,0.0,0.1111111111111111,6348,65928,9.5,55453
42109,Pennsylvania,Snyder County,0.25,0.125,0.375,3251,58997,10.4,40483
42115,Pennsylvania,Susquehanna County,0.2727272727272727,0.2727272727272727,0.09090909090909091,4574,54966,12.0,40970
42039,Pennsylvania,Crawford County,0.30434782608695654,0.08695652173913043,0.30434782608695654,12311,50304,13.2,85665
42049,Pennsylvania,Erie County,0.7887323943661971,0.3380281690140845,0.4788732394366197,52401,51529,16.0,273835
42057,Pennsylvania,Fulton County,0.0,0.0,0.6666666666666666,1806,53476,11.3,14506
42067,Pennsylvania,Juniata County,0.0,0.2,0.6,2256,53879,10.8,24624
42107,Pennsylvania,Schuylkill County,0.575,0.05,0.25,22153,52280,12.4,142674
42131,Pennsylvania,Wyoming County,0.0,0.0,0.14285714285714285,3452,59415,10.4,27327
42001,Pennsylvania,Adams County,0.34782608695652173,0.0,0.08695652173913043,7300,67253,7.8,102470
42005,Pennsylvania,Armstrong County,0.2631578947368421,0.10526315789473684,0.21052631578947367,9920,51410,11.1,65867
42035,Pennsylvania,Clinton County,0.3333333333333333,0.1111111111111111,0.5555555555555556,5103,50923,15.5,38915
42025,Pennsylvania,Carbon County,0.3333333333333333,0.08333333333333333,0.25,8600,57006,11.7,63887
42027,Pennsylvania,Centre County,0.5806451612903226,0.0967741935483871,0.25806451612903225,7125,60403,18.2,161960
42097,Pennsylvania,Northumberland County,0.5416666666666666,0.041666666666666664,0.3333333333333333,14064,48671,13.2,91761
42095,Pennsylvania,Northampton County,0.8235294117647058,0.058823529411764705,0.3088235294117647,32674,70471,8.6,302809
42121,Pennsylvania,Venango County,0.4375,0.125,0.1875,8538,49945,12.9,51818
42007,Pennsylvania,Beaver County,0.7058823529411765,0.2549019607843137,0.3333333333333333,22577,57807,11.0,165833
42069,Pennsylvania,Lackawanna County,0.864406779661017,0.03389830508474576,0.288135593220339,38518,52821,14.7,210652
42083,Pennsylvania,McKean County,0.3333333333333333,0.0,0.25,6957,48647,16.1,41401
42051,Pennsylvania,Fayette County,0.4722222222222222,0.19444444444444445,0.4444444444444444,29205,47364,17.3,131302
42091,Pennsylvania,Montgomery County,0.976303317535545,0.018957345971563982,0.13744075829383887,50159,91546,5.9,823823
42033,Pennsylvania,Clearfield County,0.4,0.25,0.3,11942,49015,14.6,79908
42123,Pennsylvania,Warren County,0.3076923076923077,0.15384615384615385,0.23076923076923078,5379,50250,12.6,39756
42075,Pennsylvania,Lebanon County,0.6774193548387096,0.06451612903225806,0.16129032258064516,16150,60281,10.8,139729
42081,Pennsylvania,Lycoming County,0.5517241379310345,0.1724137931034483,0.3448275862068966,16295,54241,13.6,114330
42093,Pennsylvania,Montour County,0.5,0.0,0.5,1522,58333,10.5,18259
42019,Pennsylvania,Butler County,0.5681818181818182,0.022727272727272728,0.2727272727272727,15301,70668,8.2,186899
42047,Pennsylvania,Elk County,0.3333333333333333,0.0,0.2222222222222222,3076,53440,9.5,30340
42071,Pennsylvania,Lancaster County,0.6938775510204082,0.061224489795918366,0.5204081632653061,48571,66056,10.1,540999
42085,Pennsylvania,Mercer County,0.5333333333333333,0.2,0.4666666666666667,17931,50696,13.9,111518
42105,Pennsylvania,Potter County,0.0,0.0,0.0,2405,45419,13.5,16806
42117,Pennsylvania,Tioga County,0.1,0.2,0.3,5530,51324,13.2,40944
45003,South Carolina,Aiken County,0.53125,0.15625,0.46875,22383,51399,14.9,168301
45005,South Carolina,Allendale County,0.0,0.0,0.6666666666666666,2353,27185,25.0,9024
45037,South Carolina,Edgefield County,0.16666666666666666,0.0,0.3333333333333333,3605,49127,16.2,26927
45023,South Carolina,Chester County,0.2727272727272727,0.2727272727272727,0.2727272727272727,6552,42442,19.6,32311
45029,South Carolina,Colleton County,0.2222222222222222,0.4444444444444444,0.1111111111111111,8435,36324,21.8,37585
45067,South Carolina,Marion County,0.0,0.0,0.75,8030,32063,22.7,31308
45063,South Carolina,Lexington County,0.6575342465753424,0.0821917808219178,0.1506849315068493,29182,61173,12.5,290278
45073,South Carolina,Oconee County,0.26666666666666666,0.2,0.4666666666666667,8084,49134,17.5,77528
45015,South Carolina,Berkeley County,0.6363636363636364,0.2727272727272727,0.18181818181818182,19939,63309,11.9,215044
45019,South Carolina,Charleston County,0.8588235294117647,0.15294117647058825,0.27058823529411763,35557,64022,13.7,401165
45043,South Carolina,Georgetown County,0.35714285714285715,0.2857142857142857,0.5,8969,48456,17.9,61952
45069,South Carolina,Marlboro County,0.2857142857142857,0.2857142857142857,0.5714285714285714,6351,33586,26.4,26753
45007,South Carolina,Anderson County,0.6153846153846154,0.23076923076923078,0.41025641025641024,23559,50865,14.6,198064
45025,South Carolina,Chesterfield County,0.1,0.2,0.7,8423,41505,20.7,45953
45047,South Carolina,Greenwood County,0.35714285714285715,0.07142857142857142,0.35714285714285715,11124,42336,20.8,70411
45051,South Carolina,Horry County,0.647887323943662,0.11267605633802817,0.1267605633802817,37541,50704,15.0,332172
45055,South Carolina,Kershaw County,0.4,0.4,0.13333333333333333,8931,51479,14.9,65112
45075,South Carolina,Orangeburg County,0.4,0.4,0.7,19466,37955,23.6,87687
45083,South Carolina,Spartanburg County,0.6956521739130435,0.2898550724637681,0.3188405797101449,32220,52332,14.0,307617
45009,South Carolina,Bamberg County,0.25,0.25,0.5,3191,31422,23.4,14376
45013,South Carolina,Beaufort County,0.7,0.2,0.2,11978,68377,10.2,186095
45017,South Carolina,Calhoun County,0.0,0.0,0.6666666666666666,2153,46339,20.8,14663
45033,South Carolina,Dillon County,0.16666666666666666,0.16666666666666666,0.8333333333333334,8006,30812,32.6,30689
45081,South Carolina,Saluda County,0.0,0.0,0.4,2939,45714,15.1,20303
45079,South Carolina,Richland County,0.9213483146067416,0.29213483146067415,0.3595505617977528,50455,54767,16.2,411357
45039,South Carolina,Fairfield County,0.2,0.6,0.6,4457,38213,20.9,22565
45049,South Carolina,Hampton County,0.0,0.2,0.2,4227,33429,20.5,19564
45045,South Carolina,Greenville County,0.8558558558558559,0.16216216216216217,0.24324324324324326,44103,60351,11.5,507003
45057,South Carolina,Lancaster County,0.5,0.14285714285714285,0.35714285714285715,10285,58849,13.4,92308
45035,South Carolina,Dorchester County,0.76,0.08,0.16,15055,63080,12.1,158299
45041,South Carolina,Florence County,0.5151515151515151,0.15151515151515152,0.5151515151515151,25833,47058,18.4,138475
45059,South Carolina,Laurens County,0.23529411764705882,0.17647058823529413,0.4117647058823529,10000,43304,20.3,66846
45065,South Carolina,McCormick County,0.0,0.0,0.6666666666666666,1243,43633,15.4,9531
45077,South Carolina,Pickens County,0.6071428571428571,0.2857142857142857,0.39285714285714285,9935,49573,16.6,124029
45087,South Carolina,Union County,0.3333333333333333,0.2222222222222222,0.4444444444444444,4782,41186,21.6,27490
45089,South Carolina,Williamsburg County,0.0,0.18181818181818182,0.5454545454545454,7631,32485,26.4,31324
46003,South Dakota,Aurora County,0.0,0.0,0.0,70,64083,5.4,2763
46051,South Dakota,Grant County,0.0,0.0,0.0,428,58158,9.1,7149
46123,South Dakota,Tripp County,0.5,0.0,0.0,726,57720,19.5,5458
46137,South Dakota,Ziebach County,0.0,1.0,0.0,1011,37400,42.5,2791
46115,South Dakota,Spink County,0.0,0.0,0.0,291,54423,9.9,6483
46009,South Dakota,Bon Homme County,0.0,0.0,0.0,287,54737,10.7,6929
46011,South Dakota,Brookings County,0.6666666666666666,0.3333333333333333,0.3333333333333333,1507,58136,14.7,34601
46033,South Dakota,Custer County,0.0,0.0,0.0,392,58522,13.8,8719
46047,South Dakota,Fall River County,0.5,0.5,0.0,547,50588,14.0,6747
46057,South Dakota,Hamlin County,0.0,0.0,0.0,202,67105,5.7,6025
46071,South Dakota,Jackson County,0.0,0.5,0.0,895,33295,45.4,3290
46069,South Dakota,Hyde County,0.0,0.0,0.0,24,57788,10.5,1319
46049,South Dakota,Faulk County,0.0,0.0,0.0,83,55096,14.7,2312
46067,South Dakota,Hutchinson County,0.0,0.0,0.0,301,57089,9.6,7308
46129,South Dakota,Walworth County,0.5,0.0,0.0,534,55583,9.7,5457
46037,South Dakota,Day County,0.0,0.3333333333333333,0.0,487,46679,16.7,5486
46043,South Dakota,Douglas County,0.0,0.0,0.0,111,58684,6.3,2929
46063,South Dakota,Harding County,0.0,0.0,0.0,24,59655,7.1,1306
46089,South Dakota,McPherson County,0.0,0.0,0.0,118,44574,13.8,2297
46109,South Dakota,Roberts County,0.0,0.25,0.0,1647,50348,20.1,10287
46119,South Dakota,Sully County,0.0,0.0,0.0,10,62153,7.9,1305
46083,South Dakota,Lincoln County,0.45454545454545453,0.0,0.0,1294,82473,4.1,56826
46079,South Dakota,Lake County,0.3333333333333333,0.0,0.0,597,61846,12.7,12717
46081,South Dakota,Lawrence County,0.6,0.0,0.4,1819,52641,12.7,25478
46029,South Dakota,Codington County,0.5714285714285714,0.0,0.14285714285714285,2160,56376,12.9,28026
46019,South Dakota,Butte County,0.5,0.5,0.0,1209,46508,11.4,10225
46031,South Dakota,Corson County,0.0,0.5,0.0,1478,35759,44.8,4150
46045,South Dakota,Edmunds County,0.0,0.0,0.0,116,71324,4.7,3909
46021,South Dakota,Campbell County,0.0,0.0,0.0,28,54449,4.0,1485
46007,South Dakota,Bennett County,0.0,0.5,0.0,1287,47500,35.9,3425
46055,South Dakota,Haakon County,0.0,1.0,0.0,77,42250,12.2,2018
46075,South Dakota,Jones County,0.0,1.0,0.0,38,46149,12.4,793
46093,South Dakota,Meade County,0.4,0.2,0.0,1391,60578,6.9,27717
46125,South Dakota,Turner County,0.0,0.0,0.0,485,59242,10.9,8300
46013,South Dakota,Brown County,0.75,0.0,0.5,2876,58216,10.5,38915
46061,South Dakota,Hanson County,0.0,0.0,0.0,92,64696,7.7,3399
46087,South Dakota,McCook County,0.0,0.0,0.0,294,61507,9.7,5548
46095,South Dakota,Mellette County,0.0,1.0,0.0,645,30650,52.8,2052
46101,South Dakota,Moody County,0.0,0.0,0.0,317,61538,11.4,6507
46103,South Dakota,Pennington County,0.6956521739130435,0.17391304347826086,0.30434782608695654,11846,57039,13.8,110685
46127,South Dakota,Union County,0.0,0.0,0.0,530,70378,8.6,15368
46097,South Dakota,Miner County,0.0,0.0,0.0,98,52910,6.8,2211
54023,West Virginia,Grant County,0.0,0.0,0.3333333333333333,1768,42216,10.9,11616
54027,West Virginia,Hampshire County,0.0,0.2,0.4,3918,47857,17.8,23309
54009,West Virginia,Brooke County,0.3333333333333333,0.16666666666666666,0.5,0,51496,13.2,22459
54017,West Virginia,Doddridge County,0.0,0.0,0.0,1066,45545,15.7,8560
54031,West Virginia,Hardy County,0.0,0.0,0.3333333333333333,2269,47438,13.8,13805
54049,West Virginia,Marion County,0.5555555555555556,0.0,0.2222222222222222,9354,50305,16.4,56355
54059,West Virginia,Mingo County,0.14285714285714285,0.14285714285714285,1.0,7953,32764,28.7,24290
54029,West Virginia,Hancock County,0.875,0.125,0.375,7246,45763,13.9,29383
54051,West Virginia,Marshall County,0.4444444444444444,0.1111111111111111,0.3333333333333333,4562,48557,14.5,31308
54067,West Virginia,Nicholas County,0.0,0.14285714285714285,0.42857142857142855,5770,40086,18.3,25078
54093,West Virginia,Tucker County,0.0,0.0,0.0,968,49118,12.5,6982
54095,West Virginia,Tyler County,0.0,0.0,0.0,1334,43087,16.6,8811
54087,West Virginia,Roane County,0.25,0.75,0.5,3190,37373,18.4,14020
54091,West Virginia,Taylor County,0.0,0.0,0.5,2429,48578,16.8,16864
54107,West Virginia,Wood County,0.8076923076923077,0.07692307692307693,0.3076923076923077,15732,47321,16.8,84960
54021,West Virginia,Gilmer County,1.0,0.5,0.5,1159,42636,16.4,8041
54053,West Virginia,Mason County,0.16666666666666666,0.0,0.6666666666666666,5292,46078,15.9,26820
54063,West Virginia,Monroe County,0.0,0.3333333333333333,0.6666666666666666,1956,38540,15.3,13401
54073,West Virginia,Pleasants County,0.0,0.0,0.5,978,56838,12.3,7482
54011,West Virginia,Cabell County,0.7931034482758621,0.034482758620689655,0.3793103448275862,16479,40028,22.3,94339
54037,West Virginia,Jefferson County,0.4666666666666667,0.13333333333333333,0.0,5564,80430,9.7,56506
54045,West Virginia,Logan County,0.1111111111111111,0.1111111111111111,1.0,8799,36168,25.4,33154
54071,West Virginia,Pendleton County,0.0,0.0,0.0,1038,42312,15.2,7001
54033,West Virginia,Harrison County,0.45454545454545453,0.13636363636363635,0.18181818181818182,9263,53022,15.3,67908
54069,West Virginia,Ohio County,0.8333333333333334,0.05555555555555555,0.3888888888888889,6671,50584,12.6,42143
54013,West Virginia,Calhoun County,0.0,0.5,1.0,1511,38382,21.7,7295
54065,West Virginia,Morgan County,0.0,0.25,0.5,2187,51745,7.9,17709
54081,West Virginia,Raleigh County,0.7058823529411765,0.4117647058823529,0.5882352941176471,15651,43748,18.6,75252
54079,West Virginia,Putnam County,0.4,0.0,0.2,6024,60097,9.8,56610
54001,West Virginia,Barbour County,0.25,0.25,0.5,3082,38459,20.8,16633
54047,West Virginia,McDowell County,0.0,0.0,0.625,7268,27682,33.2,18661
54099,West Virginia,Wayne County,0.45454545454545453,0.09090909090909091,0.5454545454545454,8649,37988,23.2,40303
54035,West Virginia,Jackson County,0.3333333333333333,0.16666666666666666,0.5,4924,47837,17.7,28907
54055,West Virginia,Mercer County,0.5625,0.1875,0.625,14700,40784,19.8,59919
54097,West Virginia,Upshur County,0.3333333333333333,0.16666666666666666,0.3333333333333333,4850,40322,20.6,24502
54101,West Virginia,Webster County,0.0,0.0,0.6666666666666666,2715,34927,26.1,8386
54003,West Virginia,Berkeley County,0.6428571428571429,0.0,0.21428571428571427,15964,62515,12.2,115329
54019,West Virginia,Fayette County,0.3333333333333333,0.16666666666666666,0.5,8478,41394,20.5,43576
55051,Wisconsin,Iron County,0.0,0.0,0.0,695,43798,14.6,5687
55019,Wisconsin,Clark County,0.0,0.125,0.75,2723,54012,12.1,34579
55109,Wisconsin,St. Croix County,0.35714285714285715,0.0,0.07142857142857142,3869,84756,5.2,88732
55083,Wisconsin,Oconto County,0.0,0.2,0.1,3039,60908,9.1,37646
55069,Wisconsin,Lincoln County,0.3,0.0,0.2,2666,58541,9.0,27744
55135,Wisconsin,Waupaca County,0.25,0.08333333333333333,0.16666666666666666,4163,58693,10.4,51245
55005,Wisconsin,Barron County,0.3,0.0,0.2,5078,52703,10.7,45229
55113,Wisconsin,Sawyer County,0.16666666666666666,0.3333333333333333,0.16666666666666666,2005,47714,16.2,16399
55047,Wisconsin,Green Lake County,0.3333333333333333,0.0,0.16666666666666666,1710,55075,11.7,18755
55099,Wisconsin,Price County,0.0,0.3333333333333333,0.16666666666666666,1546,47956,13.1,13416
55077,Wisconsin,Marquette County,0.0,0.0,0.0,1707,52288,10.7,15304
55075,Wisconsin,Marinette County,0.25,0.3333333333333333,0.25,4234,50330,13.2,40391
55079,Wisconsin,Milwaukee County,1.0,0.02364864864864865,0.2702702702702703,228914,50606,19.0,951226
55045,Wisconsin,Green County,0.5,0.375,0.0,2621,64502,7.1,36896
55101,Wisconsin,Racine County,0.8409090909090909,0.09090909090909091,0.29545454545454547,27169,61336,12.4,195602
55139,Wisconsin,Winnebago County,0.8780487804878049,0.12195121951219512,0.14634146341463414,13909,58543,11.3,170411
55041,Wisconsin,Forest County,0.0,0.5,0.0,1045,45536,17.3,8995
55107,Wisconsin,Rusk County,0.2,0.8,0.0,1968,47532,12.1,14132
55115,Wisconsin,Shawano County,0.18181818181818182,0.2727272727272727,0.09090909090909091,3732,56531,10.5,40904
55067,Wisconsin,Langlade County,0.3333333333333333,0.5,0.3333333333333333,2999,49491,13.2,19146
55087,Wisconsin,Outagamie County,0.8,0.075,0.075,10736,65572,7.8,185700
55123,Wisconsin,Vernon County,0.14285714285714285,0.2857142857142857,0.5714285714285714,2478,52459,16.1,30633
55021,Wisconsin,Columbia County,0.25,0.0,0.16666666666666666,4267,68005,7.1,57133
55061,Wisconsin,Kewaunee County,0.25,0.0,0.0,1251,66192,7.8,20387
55009,Wisconsin,Brown County,0.8518518518518519,0.07407407407407407,0.18518518518518517,22738,62340,9.8,261368
55035,Wisconsin,Eau Claire County,0.8,0.15,0.35,9208,59476,13.8,103514
55085,Wisconsin,Oneida County,0.14285714285714285,0.07142857142857142,0.07142857142857142,3457,56852,7.9,35381
55095,Wisconsin,Polk County,0.1,0.0,0.2,3641,59994,9.2,43438
55129,Wisconsin,Washburn County,0.0,0.0,0.2,2029,50280,13.5,15688
55133,Wisconsin,Waukesha County,0.8604651162790697,0.046511627906976744,0.19767441860465115,13781,87277,4.8,400475
55127,Wisconsin,Walworth County,0.5909090909090909,0.09090909090909091,0.3181818181818182,7768,63776,10.6,103074
55023,Wisconsin,Crawford County,0.3333333333333333,0.16666666666666666,0.16666666666666666,1838,50595,12.4,16235
55057,Wisconsin,Juneau County,0.14285714285714285,0.2857142857142857,0.0,3540,53490,15.1,26478
55111,Wisconsin,Sauk County,0.46153846153846156,0.07692307692307693,0.15384615384615385,6083,59943,9.9,63922
55131,Wisconsin,Washington County,0.6785714285714286,0.0,0.10714285714285714,5759,77663,4.6,134925
55017,Wisconsin,Chippewa County,0.45454545454545453,0.09090909090909091,0.2727272727272727,5546,59742,10.3,63892
55025,Wisconsin,Dane County,0.8761904761904762,0.08571428571428572,0.21904761904761905,39116,73893,10.9,536078
55031,Wisconsin,Douglas County,0.75,0.16666666666666666,0.3333333333333333,4823,53986,12.0,43295
55053,Wisconsin,Jackson County,0.2,0.2,0.4,1977,53650,11.6,20522
55049,Wisconsin,Iowa County,0.16666666666666666,0.0,0.0,1862,64124,8.8,23618
55089,Wisconsin,Ozaukee County,0.7222222222222222,0.0,0.16666666666666666,2782,85215,5.3,88597
55097,Wisconsin,Portage County,0.5,0.0,0.21428571428571427,4709,58853,12.1,70632
55105,Wisconsin,Rock County,0.7368421052631579,0.3157894736842105,0.34210526315789475,21859,57875,12.8,162152
55119,Wisconsin,Taylor County,0.16666666666666666,0.16666666666666666,0.16666666666666666,1654,53020,9.9,20325
55001,Wisconsin,Adams County,0.0,0.14285714285714285,0.14285714285714285,2958,46369,12.9,20094
55007,Wisconsin,Bayfield County,0.0,0.0,0.0,1235,56096,11.0,14993
55081,Wisconsin,Monroe County,0.3333333333333333,0.3333333333333333,0.6666666666666666,4549,59587,11.3,45771
55141,Wisconsin,Wood County,0.5294117647058824,0.11764705882352941,0.17647058823529413,8408,54913,10.3,73112
55003,Wisconsin,Ashland County,0.2857142857142857,0.2857142857142857,0.0,2350,42510,17.4,15617
55037,Wisconsin,Florence County,0.0,0.0,0.0,494,52181,10.3,4314
55055,Wisconsin,Jefferson County,0.45,0.0,0.0,6370,66291,8.3,84701
47177,Tennessee,Warren County,0.2222222222222222,0.1111111111111111,0.3333333333333333,7390,41125,21.7,40702
47179,Tennessee,Washington County,0.6956521739130435,0.21739130434782608,0.43478260869565216,15264,48334,15.4,127805
47183,Tennessee,Weakley County,0.36363636363636365,0.2727272727272727,0.2727272727272727,5039,39937,20.3,33510
47005,Tennessee,Benton County,0.2,0.4,0.2,2869,37512,19.5,16140
47007,Tennessee,Bledsoe County,0.0,0.0,0.3333333333333333,2774,44122,23.2,14836
47013,Tennessee,Campbell County,0.18181818181818182,0.2727272727272727,0.45454545454545453,9664,39803,21.0,39797
47015,Tennessee,Cannon County,0.0,0.0,0.3333333333333333,2087,55330,15.8,14178
47083,Tennessee,Houston County,0.0,0.0,0.0,1343,42711,16.8,8164
47119,Tennessee,Maury County,0.47058823529411764,0.23529411764705882,0.11764705882352941,9859,57170,10.1,91976
48373,Texas,Polk County,0.0,0.1,0.3,7593,49279,18.2,48913
48391,Texas,Refugio County,0.0,0.5,0.0,986,50076,16.5,7145
48467,Texas,Van Zandt County,0.5,0.2,0.2,6270,54654,13.6,55103
48055,Texas,Caldwell County,0.5,0.5,0.125,6028,54152,18.9,42144
48487,Texas,Wilbarger County,0.75,0.5,0.0,1938,45302,19.2,12833
48317,Texas,Martin County,0.0,0.5,0.0,557,66610,8.5,5649
48387,Texas,Red River County,0.25,0.75,0.0,1785,39142,19.7,12171
48501,Texas,Yoakum County,0.5,0.0,0.0,628,70005,8.4,8631
48189,Texas,Hale County,0.5555555555555556,0.0,0.0,5437,48384,16.0,33826
48419,Texas,Shelby County,0.16666666666666666,0.3333333333333333,0.3333333333333333,4453,42522,22.6,25349
48399,Texas,Runnels County,0.5,0.5,0.0,1252,44940,15.3,10277
48435,Texas,Sutton County,1.0,0.0,0.0,274,54306,13.9,3824
48451,Texas,Tom Green County,0.84,0.2,0.32,12246,53903,13.5,117986
48469,Texas,Victoria County,0.6818181818181818,0.18181818181818182,0.13636363636363635,14258,56834,15.0,92109
48481,Texas,Wharton County,0.18181818181818182,0.09090909090909091,0.09090909090909091,5850,48310,17.6,41577
48485,Texas,Wichita County,0.8333333333333334,0.25,0.19444444444444445,18208,48650,16.9,131596
48033,Texas,Borden County,0.0,0.0,0.0,28,72188,2.6,613
48315,Texas,Marion County,0.0,0.25,0.0,1964,37662,19.2,10017
48323,Texas,Maverick County,0.8888888888888888,0.5555555555555556,0.2222222222222222,16418,39625,26.9,58174
48181,Texas,Grayson County,0.5,0.23076923076923078,0.19230769230769232,14786,54815,13.1,131014
48297,Texas,Live Oak County,0.0,0.0,0.0,1611,53848,17.2,12139
48363,Texas,Palo Pinto County,0.6666666666666666,0.3333333333333333,0.2222222222222222,3483,50154,18.1,28540
48255,Texas,Karnes County,0.25,0.5,0.25,2212,56127,17.7,15545
48123,Texas,DeWitt County,0.0,0.0,0.2,2956,55357,16.0,20340
48059,Texas,Callahan County,0.3333333333333333,0.0,0.0,1642,48651,10.7,13856
48067,Texas,Cass County,0.2857142857142857,0.42857142857142855,0.42857142857142855,4899,44848,18.5,30059
48183,Texas,Gregg County,0.8,0.36,0.52,18702,50180,18.0,123443
48313,Texas,Madison County,0.25,0.25,0.0,1835,52664,12.0,14197
48303,Texas,Lubbock County,0.835820895522388,0.1791044776119403,0.1791044776119403,40010,52429,18.9,304808
48257,Texas,Kaufman County,0.2777777777777778,0.2222222222222222,0.16666666666666666,13479,70107,11.4,123804
48259,Texas,Kendall County,0.16666666666666666,0.0,0.16666666666666666,1706,84747,5.6,43769
48153,Texas,Floyd County,0.5,0.5,0.0,1124,50580,14.7,5803
48017,Texas,Bailey County,0.0,0.0,0.0,856,52273,8.7,7100
48071,Texas,Chambers County,0.2,0.0,0.2,3315,91141,12.1,41305
48027,Texas,Bell County,0.8095238095238095,0.30158730158730157,0.31746031746031744,54472,54884,13.9,348574
48061,Texas,Cameron County,0.8352941176470589,0.36470588235294116,0.24705882352941178,109643,38758,28.9,421666
48117,Texas,Deaf Smith County,0.75,0.25,0.25,2702,49701,16.2,18736
48141,Texas,El Paso County,0.8944099378881988,0.2484472049689441,0.19254658385093168,166640,46871,20.2,836062
48283,Texas,La Salle County,0.0,1.0,0.0,1308,50151,17.0,7416
48443,Texas,Terrell County,0.0,1.0,0.0,69,43208,9.4,896
48457,Texas,Tyler County,0.2,0.4,0.4,3117,44497,16.5,21518
48483,Texas,Wheeler County,0.0,0.0,0.0,431,49315,18.3,5338
48009,Texas,Archer County,0.0,0.0,0.0,605,63835,11.9,8716
48043,Texas,Brewster County,0.6666666666666666,0.3333333333333333,0.0,716,47080,14.0,9231
48215,Texas,Hidalgo County,0.8660714285714286,0.5446428571428571,0.3482142857142857,224745,40014,29.7,855176
48423,Texas,Smith County,0.6829268292682927,0.14634146341463414,0.12195121951219512,25906,56810,15.4,227449
48105,Texas,Crockett County,0.0,0.0,0.0,265,47386,18.6,3484
48207,Texas,Haskell County,0.5,0.5,0.0,846,40313,20.4,5726
48227,Texas,Howard County,0.6,0.2,0.2,3833,54208,17.3,36349
48333,Texas,Mills County,0.0,0.0,0.0,389,49306,15.6,4889
48337,Texas,Montague County,0.3333333333333333,0.16666666666666666,0.0,2116,51765,15.6,19489
48365,Texas,Panola County,0.16666666666666666,0.3333333333333333,0.3333333333333333,3220,52982,14.7,23327
48403,Texas,Sabine County,0.0,0.3333333333333333,0.0,1631,34992,20.1,10471
48421,Texas,Sherman County,0.0,0.0,0.0,161,51926,14.8,3059
48437,Texas,Swisher County,0.3333333333333333,0.3333333333333333,0.0,1294,39771,25.2,7432
48231,Texas,Hunt County,0.3157894736842105,0.21052631578947367,0.21052631578947367,11835,54959,16.1,94162
48063,Texas,Camp County,0.3333333333333333,0.3333333333333333,0.3333333333333333,2269,48207,18.5,12878
48195,Texas,Hansford County,0.0,0.0,0.0,312,38000,17.4,5520
48187,Texas,Guadalupe County,0.6551724137931034,0.10344827586206896,0.06896551724137931,13765,74496,9.1,158966
48077,Texas,Clay County,0.3333333333333333,0.0,0.0,832,55989,12.2,10403
48205,Texas,Hartley County,0.0,0.0,0.0,117,58298,6.1,5669
48383,Texas,Reagan County,0.0,0.0,0.0,253,74868,9.6,3766
48217,Texas,Hill County,0.2727272727272727,0.0,0.09090909090909091,4683,53307,12.7,35689
48293,Texas,Limestone County,0.25,0.5,0.125,3617,44418,19.4,23417
48347,Texas,Nacogdoches County,0.46153846153846156,0.23076923076923078,0.23076923076923078,9831,44847,24.8,65339
48369,Texas,Parmer County,0.5,0.5,0.0,786,55359,14.9,9718
48367,Texas,Parker County,0.3684210526315789,0.15789473684210525,0.10526315789473684,9221,77503,8.1,133811
48135,Texas,Ector County,0.8928571428571429,0.07142857142857142,0.17857142857142858,17406,62973,11.9,160579
48377,Texas,Presidio County,0.5,0.5,0.0,1394,25098,39.0,6975
48465,Texas,Val Verde County,0.8,0.4,0.5,10569,46147,20.3,48969
48109,Texas,Culberson County,0.0,0.0,0.0,405,37900,29.6,2214
48169,Texas,Garza County,1.0,0.0,0.0,628,49627,19.7,6070
48173,Texas,Glasscock County,0.0,0.0,0.0,19,78456,11.7,1510
48185,Texas,Grimes County,0.0,0.5,0.3333333333333333,3573,52913,17.0,27984
48085,Texas,Collin County,0.9144736842105263,0.02631578947368421,0.07236842105263158,39051,96913,6.3,973977
48005,Texas,Angelina County,0.47058823529411764,0.23529411764705882,0.29411764705882354,14428,50453,17.7,87322
48101,Texas,Cottle County,0.0,1.0,0.0,184,32305,30.9,1642
48209,Texas,Hays County,0.32,0.04,0.2,14576,68717,13.7,213366
48039,Texas,Brazoria County,0.58,0.08,0.1,30238,81447,8.7,360677
48129,Texas,Donley County,0.0,0.0,0.0,334,42961,14.7,3342
48013,Texas,Atascosa County,0.375,0.125,0.625,9122,55366,14.8,49528
48353,Texas,Nolan County,0.6,0.0,0.2,2519,45537,16.1,14904
48229,Texas,Hudspeth County,0.0,1.0,0.0,883,31677,24.4,4415
48475,Texas,Ward County,0.6666666666666666,0.0,0.0,1135,62986,12.5,11658
48203,Texas,Harrison County,0.35714285714285715,0.14285714285714285,0.35714285714285715,9747,52220,17.4,66580
48327,Texas,Menard County,0.0,0.0,0.0,212,36395,13.3,2119
48149,Texas,Fayette County,0.14285714285714285,0.0,0.14285714285714285,1890,60189,11.9,25141
48491,Texas,Williamson County,0.8202247191011236,0.15730337078651685,0.0898876404494382,27461,87337,6.4,547604
48233,Texas,Hutchinson County,0.7142857142857143,0.0,0.0,2369,52524,14.6,21344
48343,Texas,Morris County,0.3333333333333333,0.0,0.3333333333333333,2353,41359,17.8,12373
48361,Texas,Orange County,0.5714285714285714,0.19047619047619047,0.19047619047619047,12152,59399,13.3,84069
48495,Texas,Winkler County,0.6666666666666666,0.0,0.0,741,60366,15.0,7867
48201,Texas,Harris County,0.9745547073791349,0.15267175572519084,0.15394402035623408,615176,61705,15.7,4646630
48053,Texas,Burnet County,0.25,0.0,0.25,3946,59492,10.2,46530
48171,Texas,Gillespie County,0.0,0.0,0.4,1379,59155,9.5,26459
48113,Texas,Dallas County,0.9848484848484849,0.17234848484848486,0.20454545454545456,340941,59607,15.4,2606868
48311,Texas,McMullen County,0.0,0.0,0.0,43,62000,11.8,774
48503,Texas,Young County,0.5,0.25,0.0,2142,50635,12.3,18036
48251,Texas,Johnson County,0.42857142857142855,0.10714285714285714,0.03571428571428571,16838,64359,10.2,167212
48223,Texas,Hopkins County,0.4444444444444444,0.0,0.0,4463,52078,14.0,36486
48357,Texas,Ochiltree County,0.6666666666666666,0.0,0.0,636,50464,15.2,10131
48275,Texas,Knox County,0.0,0.0,0.0,462,48798,15.0,3705
48309,Texas,McLennan County,0.6862745098039216,0.3137254901960784,0.3137254901960784,35569,49778,19.2,251089
48095,Texas,Concho County,0.0,0.0,0.0,294,47500,12.2,3266
48137,Texas,Edwards County,0.0,0.0,0.0,258,40766,8.7,1918
48133,Texas,Eastland County,0.2,0.6,0.0,2579,37276,18.3,18273
48243,Texas,Jeff Davis County,0.0,0.0,0.0,94,53088,3.9,2241
48247,Texas,Jim Hogg County,0.5,0.5,0.5,1396,33382,30.6,5231
48339,Texas,Montgomery County,0.6949152542372882,0.0847457627118644,0.2711864406779661,42912,80902,9.3,571949
48127,Texas,Dimmit County,0.5,1.0,1.0,2757,27161,33.7,10438
48479,Texas,Webb County,0.9180327868852459,0.18032786885245902,0.09836065573770492,71568,46475,27.5,273526
48011,Texas,Armstrong County,0.0,0.0,0.0,129,72500,9.2,1973
48069,Texas,Castro County,0.3333333333333333,0.0,0.0,955,50142,13.7,7673
48273,Texas,Kleberg County,0.8,0.6,0.6,6360,43730,27.2,30974
48097,Texas,Cooke County,0.5,0.125,0.25,4356,60202,12.8,40041
48107,Texas,Crosby County,0.0,0.0,0.0,1234,40759,20.6,5836
48151,Texas,Fisher County,0.0,0.0,0.0,434,46146,15.1,3856
48131,Texas,Duval County,0.0,0.3333333333333333,0.3333333333333333,3018,41186,22.8,11268
48031,Texas,Blanco County,0.0,0.0,0.5,526,66390,9.0,11478
48241,Texas,Jasper County,0.25,0.0,0.25,5799,44370,18.5,35506
48245,Texas,Jefferson County,0.875,0.2361111111111111,0.2638888888888889,42118,51248,17.7,254340
48271,Texas,Kinney County,1.0,1.0,0.0,456,26738,19.6,3659
48359,Texas,Oldham County,0.0,0.0,0.0,75,64545,9.1,2094
48279,Texas,Lamb County,0.2,0.2,0.0,2212,45111,19.0,13123
48295,Texas,Lipscomb County,0.0,0.0,0.0,191,59091,12.9,3398
48307,Texas,McCulloch County,0.3333333333333333,0.3333333333333333,0.3333333333333333,1051,47707,16.9,8057
48319,Texas,Mason County,0.0,0.0,0.0,253,42276,10.7,4186
48125,Texas,Dickens County,0.0,0.0,0.0,265,42540,19.7,2203
32001,Nevada,Churchill County,0.42857142857142855,0.14285714285714285,0.14285714285714285,3445,57824,13.2,24259
32005,Nevada,Douglas County,0.4375,0.0625,0.0625,2467,66810,8.7,48132
32027,Nevada,Pershing County,0.0,0.0,0.0,483,50491,12.0,6615
32011,Nevada,Eureka County,0.0,0.0,0.0,76,67105,8.0,1859
32013,Nevada,Humboldt County,0.25,0.25,0.0,1714,67756,13.3,16828
32033,Nevada,White Pine County,0.3333333333333333,0.0,0.0,1057,60827,13.6,9679
32007,Nevada,Elko County,0.42857142857142855,0.07142857142857142,0.07142857142857142,4694,81232,11.7,52297
32023,Nevada,Nye County,0.6666666666666666,0.5555555555555556,0.3333333333333333,9245,47300,16.4,44380
32029,Nevada,Storey County,0.0,0.0,0.0,128,66292,8.2,3988
32003,Nevada,Clark County,0.9630390143737166,0.061601642710472276,0.15605749486652978,342596,59340,13.7,2182004
32019,Nevada,Lyon County,0.4,0.0,0.3,5934,56875,11.6,54380
34021,New Jersey,Mercer County,0.961038961038961,0.012987012987012988,0.3116883116883117,28779,81057,11.6,367922
34011,New Jersey,Cumberland County,0.696969696969697,0.24242424242424243,0.3333333333333333,25725,54149,16.5,151906
34035,New Jersey,Somerset County,0.9117647058823529,0.014705882352941176,0.14705882352941177,9203,113611,5.1,329838
34029,New Jersey,Ocean County,0.888,0.2,0.28,47248,70909,10.1,596415
34001,New Jersey,Atlantic County,0.8260869565217391,0.18840579710144928,0.37681159420289856,34938,62110,13.3,266105
34023,New Jersey,Middlesex County,0.9828571428571429,0.02857142857142857,0.18857142857142858,49875,89533,8.5,825920
34033,New Jersey,Salem County,0.5416666666666666,0.20833333333333334,0.25,7830,66842,12.4,62990
34009,New Jersey,Cape May County,0.71875,0.1875,0.15625,7435,67074,9.8,93086
34007,New Jersey,Camden County,0.984251968503937,0.11023622047244094,0.29133858267716534,64128,70451,12.2,506738
34039,New Jersey,Union County,1.0,0.018518518518518517,0.18518518518518517,39683,80198,9.5,554033
34017,New Jersey,Hudson County,1.0,0.0,0.09696969696969697,88464,71189,15.2,670046
34019,New Jersey,Hunterdon County,0.4230769230769231,0.0,0.038461538461538464,2574,115379,4.5,124823
34027,New Jersey,Morris County,0.95,0.0,0.11,12602,115527,4.8,493379
35023,New Mexico,Hidalgo County,0.0,0.5,0.0,8,42526,25.8,4297
35031,New Mexico,McKinley County,0.35294117647058826,0.5882352941176471,0.5294117647058824,24053,33834,34.8,72438
35043,New Mexico,Sandoval County,0.6666666666666666,0.14814814814814814,0.07407407407407407,24414,63802,12.7,142704
35017,New Mexico,Grant County,0.25,0.25,0.375,7417,37843,24.0,27669
35009,New Mexico,Curry County,0.75,0.3333333333333333,0.08333333333333333,15113,45092,20.9,49732
48139,Texas,Ellis County,0.4838709677419355,0.12903225806451613,0.06451612903225806,15473,76871,8.8,173772
48287,Texas,Lee County,0.25,0.25,0.0,1823,54744,12.3,17058
48439,Texas,Tarrant County,0.9747899159663865,0.18207282913165265,0.17086834733893558,218714,67700,11.9,2049770
48001,Texas,Anderson County,0.36363636363636365,0.2727272727272727,0.2727272727272727,6758,43455,14.9,57810
48239,Texas,Jackson County,0.0,0.3333333333333333,0.3333333333333333,1828,62806,13.4,14816
48265,Texas,Kerr County,0.2,0.1,0.1,4688,55990,11.7,51843
48331,Texas,Milam County,0.2857142857142857,0.2857142857142857,0.0,4065,47902,15.4,24770
48093,Texas,Comanche County,0.25,0.25,0.25,1620,53516,11.2,13529
48145,Texas,Falls County,0.3333333333333333,0.16666666666666666,0.16666666666666666,2816,39497,26.5,17272
48047,Texas,Brooks County,0.5,0.5,0.5,2570,28333,41.4,7141
48015,Texas,Austin County,0.0,0.0,0.16666666666666666,2658,66206,12.1,29764
48261,Texas,Kenedy County,0.0,1.0,0.0,40,38021,5.5,568
48089,Texas,Colorado County,0.2,0.4,0.0,2232,52559,10.0,21224
48409,Texas,San Patricio County,0.875,0.1875,0.3125,11674,56556,15.9,67008
48381,Texas,Randall County,0.8275862068965517,0.06896551724137931,0.06896551724137931,8881,68261,8.5,134026
48411,Texas,San Saba County,0.5,0.0,0.0,726,45083,14.0,5991
48413,Texas,Schleicher County,0.0,0.0,0.0,225,53229,15.7,2983
48507,Texas,Zavala County,0.25,0.75,1.0,3635,34459,33.8,12039
48057,Texas,Calhoun County,0.6,0.4,0.0,3045,58776,13.7,21668
48155,Texas,Foard County,0.0,1.0,0.0,117,43625,10.4,1275
48175,Texas,Goliad County,0.0,0.0,0.5,914,60690,13.1,7565
48193,Texas,Hamilton County,0.3333333333333333,0.3333333333333333,0.0,849,50825,17.3,8332
48335,Texas,Mitchell County,0.5,0.0,0.0,910,51492,11.3,8523
48449,Texas,Titus County,0.5,0.375,0.125,4543,50196,17.7,32640
48285,Texas,Lavaca County,0.16666666666666666,0.16666666666666666,0.16666666666666666,2021,54403,10.7,20021
48445,Texas,Terry County,0.6666666666666666,0.3333333333333333,0.3333333333333333,1958,44627,19.2,12528
48497,Texas,Wise County,0.18181818181818182,0.18181818181818182,0.18181818181818182,5424,64536,10.7,66290
48321,Texas,Matagorda County,0.3,0.3,0.2,5679,48913,18.9,36774
48371,Texas,Pecos County,0.75,0.25,0.0,1732,52397,15.1,15815
48397,Texas,Rockwall County,0.6363636363636364,0.0,0.09090909090909091,4150,100920,4.7,97175
48441,Texas,Taylor County,0.8378378378378378,0.2972972972972973,0.16216216216216217,19000,53143,15.1,136870
48447,Texas,Throckmorton County,0.0,0.0,0.0,130,40000,16.8,1436
48471,Texas,Walker County,0.4,0.4,0.0,6521,43742,22.4,72321
48499,Texas,Wood County,0.4,0.3,0.0,4724,53394,14.6,44366
48007,Texas,Aransas County,0.6,0.4,0.2,3240,45137,21.3,24462
48079,Texas,Cochran County,0.0,1.0,0.0,494,40962,25.6,2887
48081,Texas,Coke County,0.0,0.5,0.0,288,45000,12.5,3303
48099,Texas,Coryell County,0.5789473684210527,0.3684210526315789,0.15789473684210525,8327,52893,12.9,75280
48211,Texas,Hemphill County,0.0,0.0,0.0,195,70625,8.2,3994
48341,Texas,Moore County,0.5,0.25,0.0,1841,54871,12.8,21399
48375,Texas,Potter County,0.8787878787878788,0.24242424242424243,0.2727272727272727,21396,42528,20.4,119674
48405,Texas,San Augustine County,0.0,0.6666666666666666,0.0,1592,40353,24.8,8286
48417,Texas,Shackelford County,0.0,0.0,0.0,272,46935,13.3,3296
48427,Texas,Starr County,0.5333333333333333,0.5333333333333333,0.26666666666666666,20505,30387,34.7,64078
48461,Texas,Upton County,0.0,0.0,0.0,441,52171,14.1,3659
48049,Texas,Brown County,0.5,0.4166666666666667,0.16666666666666666,5215,48365,12.6,37855
48191,Texas,Hall County,0.0,1.0,0.0,526,34673,22.9,3048
48159,Texas,Franklin County,0.6666666666666666,0.3333333333333333,0.0,1235,53783,9.3,10716
48163,Texas,Frio County,0.6666666666666666,0.6666666666666666,0.0,3413,46729,23.3,19871
48281,Texas,Lampasas County,0.2,0.2,0.2,2423,60772,11.1,20862
28009,Mississippi,Benton County,0.0,1.0,0.0,1505,36258,20.3,8232
35015,New Mexico,Eddy County,0.6666666666666666,0.25,0.4166666666666667,9298,65328,14.6,57732
35033,New Mexico,Mora County,0.0,1.0,1.0,0,28446,20.0,4536
35045,New Mexico,San Juan County,0.5757575757575758,0.3939393939393939,0.24242424242424243,31088,50518,21.0,126515
28037,Mississippi,Franklin County,0.0,0.5,0.0,1194,40219,15.1,7733
28027,Mississippi,Coahoma County,0.42857142857142855,0.2857142857142857,0.42857142857142855,8342,29121,34.8,23255
28061,Mississippi,Jasper County,0.0,0.0,0.25,2713,35872,22.3,16505
28067,Mississippi,Jones County,0.35714285714285715,0.21428571428571427,0.35714285714285715,9642,41775,21.7,68352
28147,Mississippi,Walthall County,0.0,0.3333333333333333,0.6666666666666666,2486,30961,24.0,14477
28095,Mississippi,Monroe County,0.3333333333333333,0.2222222222222222,0.2222222222222222,4488,42354,17.4,35673
28115,Mississippi,Pontotoc County,0.16666666666666666,0.16666666666666666,0.5,3783,44759,16.2,31618
28051,Mississippi,Holmes County,0.0,0.4,0.8,5296,21504,42.4,17737
28005,Mississippi,Amite County,0.0,0.3333333333333333,0.6666666666666666,2003,33981,26.7,12412
28089,Mississippi,Madison County,0.7142857142857143,0.09523809523809523,0.09523809523809523,8287,71824,9.6,104562
28013,Mississippi,Calhoun County,0.0,0.0,0.2,2116,37263,21.6,14499
28091,Mississippi,Marion County,0.16666666666666666,0.3333333333333333,0.5,3874,32090,25.5,24990
28141,Mississippi,Tishomingo County,0.0,0.0,0.5,1669,37681,19.7,19441
28153,Mississippi,Wayne County,0.25,0.25,0.5,4228,37706,20.5,20373
28041,Mississippi,Greene County,0.0,0.0,0.5,1696,49677,18.4,13645
28093,Mississippi,Marshall County,0.16666666666666666,0.5,0.6666666666666666,4858,42233,18.8,35599
28119,Mississippi,Quitman County,0.3333333333333333,1.0,0.6666666666666666,1882,25283,35.6,7187
28109,Mississippi,Pearl River County,0.2222222222222222,0.1111111111111111,0.2222222222222222,7698,46901,17.1,55219
28079,Mississippi,Leake County,0.2,0.4,0.8,3049,37096,26.4,22792
28099,Mississippi,Neshoba County,0.2857142857142857,0.0,0.5714285714285714,6153,37987,25.6,29332
28121,Mississippi,Rankin County,0.5925925925925926,0.1111111111111111,0.07407407407407407,9919,65996,8.3,152677
28151,Mississippi,Washington County,0.7368421052631579,0.47368421052631576,0.42105263157894735,15087,29705,33.9,46057
28077,Mississippi,Lawrence County,0.0,0.3333333333333333,0.3333333333333333,2057,41914,18.6,12633
28111,Mississippi,Perry County,0.0,0.6666666666666666,0.3333333333333333,2148,42469,19.0,12006
28017,Mississippi,Chickasaw County,0.25,0.25,0.5,2794,36548,20.6,17193
28015,Mississippi,Carroll County,0.0,0.0,0.5,1160,46052,17.0,10070
28039,Mississippi,George County,0.2,0.2,0.4,3335,47292,17.2,23917
28043,Mississippi,Grenada County,0.6,0.2,0.4,3602,40122,21.1,21088
28063,Mississippi,Jefferson County,0.0,0.5,0.5,2012,25019,37.6,7225
28101,Mississippi,Newton County,0.2,0.4,0.4,2916,35958,25.6,21360
28117,Mississippi,Prentiss County,0.2,0.2,0.4,2843,39256,21.9,25255
28125,Mississippi,Sharkey County,0.0,0.0,0.5,1477,29394,27.4,4404
28019,Mississippi,Choctaw County,0.0,0.3333333333333333,0.0,1362,36777,19.9,8277
28045,Mississippi,Hancock County,0.5714285714285714,0.42857142857142855,0.5714285714285714,5690,48119,18.5,46961
28057,Mississippi,Itawamba County,0.2,0.2,0.2,2238,44567,13.5,23462
28055,Mississippi,Issaquena County,0.0,0.0,0.0,223,24208,36.0,1361
28059,Mississippi,Jackson County,0.7142857142857143,0.21428571428571427,0.25,17823,51657,16.2,142376
28083,Mississippi,Leflore County,0.625,0.625,0.625,9434,26735,36.8,29222
28143,Mississippi,Tunica County,0.5,1.0,1.0,3607,39370,24.0,9988
28021,Mississippi,Claiborne County,0.0,0.6666666666666666,0.6666666666666666,2764,29338,41.0,9089
28047,Mississippi,Harrison County,0.8222222222222222,0.37777777777777777,0.3111111111111111,34319,47894,20.1,204502
28075,Mississippi,Lauderdale County,0.631578947368421,0.3684210526315789,0.5263157894736842,13066,42534,20.8,76279
28085,Mississippi,Lincoln County,0.3333333333333333,0.3333333333333333,0.6666666666666666,5089,42606,21.0,34320
28127,Mississippi,Simpson County,0.2,0.4,0.6,3831,43850,19.4,26888
28159,Mississippi,Winston County,0.2,0.6,0.6,3288,34724,23.1,18229
28007,Mississippi,Attala County,0.3333333333333333,0.3333333333333333,0.3333333333333333,3532,33767,26.7,18437
28073,Mississippi,Lamar County,0.5,0.125,0.25,5164,60328,18.3,61969
28081,Mississippi,Lee County,0.4444444444444444,0.16666666666666666,0.4444444444444444,10312,50559,14.6,85072
28135,Mississippi,Tallahatchie County,0.25,0.5,0.25,2683,29864,31.7,14158
28129,Mississippi,Smith County,0.0,0.0,0.3333333333333333,1695,43105,18.9,16009
28149,Mississippi,Warren County,0.5,0.3333333333333333,0.5,9147,45113,20.6,46519
28023,Mississippi,Clarke County,0.0,0.25,0.25,2845,43207,19.1,15770
28097,Mississippi,Montgomery County,0.3333333333333333,0.6666666666666666,0.3333333333333333,1760,39840,27.1,10068
28105,Mississippi,Oktibbeha County,0.625,0.5,0.5,6027,40453,30.1,49512
51095,Virginia,James City County,0.8181818181818182,0.09090909090909091,0.18181818181818182,3756,87678,7.3,74916
51167,Virginia,Russell County,0.0,0.0,0.42857142857142855,4970,39758,21.1,27141
51173,Virginia,Smyth County,0.1111111111111111,0.1111111111111111,0.7777777777777778,5216,40932,18.9,30767
51540,Virginia,Charlottesville city,1.0,0.08333333333333333,0.4166666666666667,3795,59471,24.1,47096
51031,Virginia,Campbell County,0.3333333333333333,0.16666666666666666,0.3333333333333333,5763,49664,11.0,55225
51087,Virginia,Henrico County,0.9206349206349206,0.1111111111111111,0.2222222222222222,29058,70307,9.1,327535
51099,Arkansas,Pike County,0.0,0.3333333333333333,0.3333333333333333,1914,94274,5.1,26229
51099,Virginia,King George County,0.2,0.0,0.2,1914,94274,5.1,26229
51103,Virginia,Lancaster County,0.0,0.0,0.3333333333333333,1416,53711,9.8,10724
51105,Virginia,Lee County,0.0,0.0,0.8333333333333334,5460,32888,25.5,23948
51115,Virginia,Mathews County,0.0,0.0,0.0,671,64237,11.4,8788
51119,Virginia,Middlesex County,0.0,0.0,0.0,1352,57438,10.0,10675
51149,Virginia,Prince George County,0.42857142857142855,0.42857142857142855,0.2857142857142857,2882,71912,8.1,38114
51159,Arkansas,Pope County,0.45454545454545453,0.36363636363636365,0.36363636363636365,1374,49517,17.3,8884
51159,Virginia,Richmond County,0.0,0.0,0.5,1374,49517,17.3,8884
51169,Virginia,Scott County,0.16666666666666666,0.3333333333333333,0.5,3187,39820,15.5,21902
51177,Virginia,Spotsylvania County,0.6333333333333333,0.13333333333333333,0.03333333333333333,9486,88628,7.0,132833
51011,Arkansas,Newton County,0.0,0.0,0.0,2122,58696,13.2,15707
51011,Virginia,Appomattox County,0.0,0.0,0.3333333333333333,2122,58696,13.2,15707
51067,Virginia,Franklin County,0.1,0.4,0.4,5684,56254,14.5,56187
51097,Virginia,King and Queen County,0.0,0.5,0.0,911,63982,12.4,7042
51121,Virginia,Montgomery County,0.6875,0.25,0.1875,5580,57977,23.5,98140
51127,Virginia,New Kent County,0.0,0.0,0.0,916,87904,6.9,21686
51049,Virginia,Cumberland County,0.0,1.0,1.0,1703,47469,17.8,9824
51051,Virginia,Dickenson County,0.0,0.0,1.0,2609,29932,25.7,14756
51083,Virginia,Halifax County,0.2222222222222222,0.7777777777777778,0.5555555555555556,5688,42669,13.9,34552
51107,Virginia,Loudoun County,0.8461538461538461,0.015384615384615385,0.07692307692307693,8491,142299,3.4,395134
51153,Virginia,Prince William County,0.9512195121951219,0.12195121951219512,0.036585365853658534,23120,107132,6.6,461423
51175,Virginia,Southampton County,0.0,0.2,0.2,2320,61348,9.0,17880
51091,Virginia,Highland County,0.0,1.0,0.0,83,48587,10.1,2204
51033,Virginia,Caroline County,0.0,0.0,0.0,3442,65103,8.8,30381
51073,Virginia,Gloucester County,0.125,0.125,0.125,3210,70537,8.8,37222
51141,Virginia,Patrick County,0.0,0.5,0.25,2448,43073,14.2,17748
51145,Virginia,Powhatan County,0.0,0.0,0.0,1046,89090,5.4,28815
51171,Virginia,Shenandoah County,0.1111111111111111,0.1111111111111111,0.3333333333333333,4120,57252,11.5,43224
51061,Virginia,Fauquier County,0.17647058823529413,0.0,0.0,2721,100783,5.8,69728
51790,Virginia,Staunton city,0.8333333333333334,0.0,0.16666666666666666,2608,52611,11.1,24432
51065,Virginia,Fluvanna County,0.25,0.0,0.0,1436,76873,5.5,26594
28031,Mississippi,Covington County,0.0,0.0,0.25,3425,38178,24.2,18978
28155,Mississippi,Webster County,0.0,0.0,0.0,1650,45730,22.2,9768
28003,Mississippi,Alcorn County,0.2857142857142857,0.14285714285714285,0.2857142857142857,4667,42086,15.0,37090
28025,Mississippi,Clay County,0.4,0.6,0.8,3957,31833,25.5,19640
28053,Mississippi,Humphreys County,0.3333333333333333,0.3333333333333333,0.6666666666666666,3289,28962,36.4,8389
42043,Pennsylvania,Dauphin County,0.9076923076923077,0.09230769230769231,0.35384615384615387,44939,60715,12.3,275632
42055,Pennsylvania,Franklin County,0.5925925925925926,0.037037037037037035,0.4444444444444444,16267,63379,9.3,154147
42119,Pennsylvania,Union County,0.5,0.0,0.3,3068,59399,11.8,45111
42127,Pennsylvania,Wayne County,0.07142857142857142,0.07142857142857142,0.07142857142857142,6296,56096,11.4,51422
42009,Pennsylvania,Bedford County,0.2727272727272727,0.2727272727272727,0.2727272727272727,5989,50509,11.9,48337
42089,Pennsylvania,Monroe County,0.3333333333333333,0.0,0.24242424242424243,22252,63934,11.2,168032
42061,Pennsylvania,Huntingdon County,0.16666666666666666,0.0,0.08333333333333333,5523,51678,12.3,45369
42125,Pennsylvania,Washington County,0.6440677966101694,0.1864406779661017,0.3389830508474576,23709,63543,9.2,207212
42101,Pennsylvania,Philadelphia County,1.0,0.013123359580052493,0.27034120734908135,462808,45927,24.3,1579075
42133,Pennsylvania,York County,0.7444444444444445,0.022222222222222223,0.24444444444444444,51065,66457,9.6,445565
42063,Pennsylvania,Indiana County,0.34782608695652173,0.0,0.34782608695652173,10291,49320,16.3,85032
42041,Pennsylvania,Cumberland County,0.8163265306122449,0.061224489795918366,0.32653061224489793,17590,71269,6.9,249328
42003,Pennsylvania,Allegheny County,0.965,0.095,0.3525,146840,61043,11.6,1221744
42129,Pennsylvania,Westmoreland County,0.72,0.1,0.3,40405,60471,10.0,352590
42053,Pennsylvania,Forest County,0.0,0.6666666666666666,0.0,704,39717,18.1,7313
42013,Pennsylvania,Blair County,0.7647058823529411,0.058823529411764705,0.23529411764705882,20496,49181,14.7,123157
42073,Pennsylvania,Lawrence County,0.6428571428571429,0.21428571428571427,0.32142857142857145,15407,50204,13.8,86727
42015,Pennsylvania,Bradford County,0.2857142857142857,0.0,0.35714285714285715,7763,52358,12.7,60963
42021,Pennsylvania,Cambria County,0.6666666666666666,0.14285714285714285,0.3333333333333333,23373,46659,15.4,133009
42029,Pennsylvania,Chester County,0.8275862068965517,0.0603448275862069,0.16379310344827586,23647,100214,6.4,519560
42011,Pennsylvania,Berks County,0.7555555555555555,0.03333333333333333,0.13333333333333333,58616,63728,12.0,418025
42087,Pennsylvania,Mifflin County,0.5,0.08333333333333333,0.5833333333333334,7012,50219,13.5,46276
51045,Virginia,Craig County,0.0,0.0,1.0,483,55708,8.9,5110
51750,Virginia,Radford city,1.0,1.0,0.3333333333333333,1309,36297,36.3,17691
51840,Virginia,Winchester city,1.0,0.0,1.0,3265,58818,16.3,27897
51001,Virginia,Accomack County,0.0,0.1111111111111111,0.7777777777777778,4727,46073,19.0,32673
51063,Virginia,Floyd County,0.0,1.0,0.0,1627,51521,10.3,15704
51071,Virginia,Giles County,0.0,0.0,0.25,1794,54520,10.2,16772
51077,Virginia,Grayson County,0.0,0.4,0.4,2128,36544,20.9,15742
51135,Virginia,Nottoway County,0.0,0.5,0.5,2717,45535,18.3,15433
51157,Virginia,Rappahannock County,0.0,0.0,0.0,326,74284,8.8,7378
51036,Virginia,Charles City County,0.0,0.0,0.0,828,57198,13.2,7014
51047,Virginia,Culpeper County,0.375,0.375,0.25,4033,77935,7.8,51101
51053,Virginia,Dinwiddie County,0.3333333333333333,0.3333333333333333,0.3333333333333333,3636,60346,12.1,28485
51079,Virginia,Greene County,0.3333333333333333,0.0,0.0,1673,67398,6.4,19519
51085,Virginia,Hanover County,0.5217391304347826,0.043478260869565216,0.043478260869565216,4270,89390,5.3,105537
51111,Virginia,Lunenburg County,0.0,0.0,0.3333333333333333,1952,44303,16.4,12282
51137,Virginia,Orange County,0.4,0.2,0.4,2734,71548,8.2,36010
51595,Virginia,Emporia city,1.0,0.0,0.5,1703,27063,27.0,5442
51197,Virginia,Wythe County,0.16666666666666666,0.16666666666666666,0.3333333333333333,3644,49364,14.8,28844
51550,Virginia,Chesapeake city,0.9024390243902439,0.1951219512195122,0.14634146341463414,18529,78640,8.6,239982
51660,Virginia,Harrisonburg city,1.0,0.18181818181818182,0.09090909090909091,3872,46679,28.3,53273
51003,Virginia,Albemarle County,0.45454545454545453,0.045454545454545456,0.09090909090909091,4278,79880,9.1,107405
51019,Virginia,Bedford County,0.17647058823529413,0.058823529411764705,0.058823529411764705,5075,64199,8.9,78376
51029,Virginia,Buckingham County,0.0,0.5,0.25,2438,49025,15.8,17059
51195,Virginia,Wise County,0.2727272727272727,0.2727272727272727,0.7272727272727273,7126,38888,22.1,38486
51580,Virginia,Covington city,1.0,0.5,0.0,989,40655,13.2,5598
51740,Virginia,Portsmouth city,1.0,0.12903225806451613,0.25806451612903225,19742,52175,16.8,95097
51810,Virginia,Virginia Beach city,0.9696969696969697,0.0707070707070707,0.08080808080808081,26768,76610,7.3,450201
51640,Virginia,Galax city,1.0,0.0,0.0,1521,33575,23.8,6517
51193,Virginia,Westmoreland County,0.0,0.0,0.5,2869,53853,14.9,17751
51133,Virginia,Northumberland County,0.0,0.0,0.3333333333333333,1478,62632,14.6,12190
51155,Virginia,Pulaski County,0.25,0.25,0.75,4573,53866,14.8,34182
51187,Virginia,Warren County,0.375,0.375,0.375,3769,69116,9.9,39492
51590,Virginia,Danville city,0.9375,0.25,0.3125,11079,37203,22.4,41070
51630,Virginia,Fredericksburg city,1.0,0.3333333333333333,0.3333333333333333,3807,65641,15.5,28622
51009,Virginia,Amherst County,0.4444444444444444,0.2222222222222222,0.0,3158,52888,14.0,31775
51017,Virginia,Bath County,0.0,1.0,0.0,252,49738,10.9,4307
51670,Virginia,Hopewell city,1.0,0.5,0.3333333333333333,6300,39030,23.6,22456
51700,Virginia,Newport News city,1.0,0.25,0.2727272727272727,28774,53215,15.3,179673
51069,Virginia,Frederick County,0.42857142857142855,0.0,0.14285714285714285,4427,78002,6.2,86415
51680,Virginia,Lynchburg city,1.0,0.3157894736842105,0.5263157894736842,10486,46409,19.5,80569
51199,Virginia,York County,0.7857142857142857,0.0,0.0,2156,92069,4.9,67982
51690,Virginia,Martinsville city,1.0,0.4,0.6,3445,34371,23.9,12852
51125,Virginia,Nelson County,0.0,0.3333333333333333,0.6666666666666666,1554,64313,13.0,14831
51143,Virginia,Pittsylvania County,0.125,0.375,0.125,7662,47690,16.1,61256
51530,Virginia,Buena Vista city,1.0,1.0,1.0,890,32455,25.5,6484
51610,Virginia,Falls Church city,1.0,0.0,0.0,168,127610,3.2,14128
51730,Virginia,Petersburg city,0.9090909090909091,0.8181818181818182,0.7272727272727273,9091,38679,24.1,31362
51735,Virginia,Poquoson city,1.0,0.0,0.0,318,97118,5.6,12090
51600,Virginia,Fairfax city,1.0,0.0,0.2,695,116979,9.3,23531
51820,Virginia,Waynesboro city,1.0,0.2,0.2,2757,45011,16.8,22140
51770,Virginia,Roanoke city,1.0,0.43478260869565216,0.6956521739130435,19669,44230,20.8,99229
51800,Virginia,Suffolk city,0.6071428571428571,0.14285714285714285,0.17857142857142858,10414,74884,10.4,90093
51710,Virginia,Norfolk city,1.0,0.20253164556962025,0.2911392405063291,36195,51590,18.7,244601
51007,Virginia,Amelia County,0.0,0.0,0.5,1444,57946,10.7,12953
51041,Virginia,Chesterfield County,0.9436619718309859,0.08450704225352113,0.07042253521126761,24087,82599,6.8,343551
51059,Arkansas,Perry County,0.0,0.0,0.3333333333333333,38828,124831,6.1,1145862
51059,Virginia,Fairfax County,0.980544747081712,0.011673151750972763,0.06614785992217899,38828,124831,6.1,1145862
47031,Tennessee,Coffee County,0.3333333333333333,0.16666666666666666,0.08333333333333333,8864,50351,14.0,55209
47047,Tennessee,Fayette County,0.09090909090909091,0.0,0.18181818181818182,5294,60711,13.5,40164
47067,Tennessee,Hancock County,0.0,0.0,0.5,2315,30136,28.6,6587
47073,Tennessee,Hawkins County,0.3076923076923077,0.15384615384615385,0.3076923076923077,9611,41924,19.1,56611
47091,Tennessee,Johnson County,0.0,0.2,0.4,3316,36004,24.9,17753
47103,Tennessee,Lincoln County,0.0,0.1111111111111111,0.2222222222222222,4942,49485,14.7,33924
47111,Tennessee,Macon County,0.25,0.25,0.25,4682,37430,17.3,23842
47127,Tennessee,Moore County,0.0,0.0,0.0,558,57708,7.7,6378
47147,Tennessee,Robertson County,0.35714285714285715,0.0,0.21428571428571427,7829,63307,11.5,70280
47051,Tennessee,Franklin County,0.2222222222222222,0.1111111111111111,0.2222222222222222,4609,51585,14.4,41725
47009,Tennessee,Blount County,0.4642857142857143,0.0,0.17857142857142858,12164,56667,11.1,129927
47021,Tennessee,Cheatham County,0.2222222222222222,0.0,0.0,3875,61913,10.6,40181
47019,Tennessee,Carter County,0.6470588235294118,0.5882352941176471,0.11764705882352941,8914,38092,22.1,56433
47057,Tennessee,Grainger County,0.0,0.0,0.2,3681,44064,18.1,23101
47055,Tennessee,Giles County,0.0,0.0,0.0,4057,49614,14.8,29285
47097,Tennessee,Lauderdale County,0.2222222222222222,0.1111111111111111,0.4444444444444444,6138,39896,21.2,25989
47099,Tennessee,Lawrence County,0.0,0.09090909090909091,0.18181818181818182,6278,43614,17.0,43390
47113,Tennessee,Madison County,0.7037037037037037,0.2962962962962963,0.2962962962962963,16342,48161,18.5,97625
47115,Tennessee,Marion County,0.16666666666666666,0.16666666666666666,0.5,5129,49432,15.4,28538
47133,Tennessee,Overton County,0.0,0.0,0.2857142857142857,3262,37197,17.2,22068
47137,Tennessee,Pickett County,0.0,0.0,0.0,826,39554,20.0,5079
47181,Tennessee,Wayne County,0.0,0.25,0.25,2318,41427,18.0,16693
47187,Tennessee,Williamson County,0.7297297297297297,0.0,0.08108108108108109,4216,112962,4.4,225389
47003,Tennessee,Bedford County,0.3333333333333333,0.2222222222222222,0.2222222222222222,8416,50415,14.3,48292
47059,Tennessee,Greene County,0.3333333333333333,0.26666666666666666,0.13333333333333333,8944,42595,16.7,68834
47035,Tennessee,Cumberland County,0.35714285714285715,0.2857142857142857,0.2857142857142857,8172,45958,13.8,59216
47175,Tennessee,Van Buren County,0.0,0.0,0.0,980,42724,16.8,5760
47025,Tennessee,Claiborne County,0.0,0.2222222222222222,0.1111111111111111,6125,36835,22.4,31732
47081,Tennessee,Hickman County,0.0,0.16666666666666666,0.3333333333333333,3927,43596,18.7,24813
47085,Tennessee,Humphreys County,0.2,0.2,0.2,2565,45667,15.6,18435
47141,Tennessee,Putnam County,0.7333333333333333,0.26666666666666666,0.3333333333333333,10348,44259,18.9,77447
47155,Tennessee,Sevier County,0.3333333333333333,0.05555555555555555,0.05555555555555555,9889,49610,13.7,97068
47161,Tennessee,Stewart County,0.0,0.0,0.0,1800,45809,13.8,13427
47023,Tennessee,Chester County,0.3333333333333333,0.3333333333333333,0.0,2634,51946,15.8,17190
47039,Tennessee,Decatur County,0.0,0.0,0.25,2047,42031,17.6,11686
47087,Tennessee,Jackson County,0.0,0.0,0.0,2046,35207,19.2,11682
47109,Tennessee,McNairy County,0.14285714285714285,0.14285714285714285,0.2857142857142857,4810,39161,18.8,25844
47145,Tennessee,Roane County,0.3,0.1,0.3,7399,53367,13.8,53075
47011,Tennessee,Bradley County,0.7368421052631579,0.3157894736842105,0.42105263157894735,15112,51331,16.0,105749
47063,Tennessee,Hamblen County,0.8333333333333334,0.5,0.25,9788,43619,17.3,64132
47173,Tennessee,Union County,0.0,0.0,0.25,3917,44671,22.0,19488
47071,Tennessee,Hardin County,0.3333333333333333,0.16666666666666666,0.16666666666666666,4970,40682,20.1,25715
47043,Tennessee,Dickson County,0.2,0.0,0.2,6745,53076,13.6,52680
47129,Tennessee,Morgan County,0.0,0.2,0.2,3543,41333,22.8,21545
47123,Tennessee,Monroe County,0.14285714285714285,0.14285714285714285,0.2857142857142857,7346,42429,18.4,46064
47079,Tennessee,Henry County,0.3333333333333333,0.4444444444444444,0.3333333333333333,5779,40502,20.1,32284
47033,Tennessee,Crockett County,0.2,0.2,0.0,2337,44717,17.8,14399
47095,Tennessee,Lake County,0.0,0.0,1.0,1919,35191,28.6,7401
47093,Tennessee,Knox County,0.8482142857142857,0.16071428571428573,0.22321428571428573,48324,57470,14.5,461104
